6.739997,0.4743657,-0.3749076,-0.3140532
6.759997,0.4758115,-0.3748046,-0.3158176
6.779998,0.4772887,-0.3746949,-0.3176681
6.799998,0.4787998,-0.3745791,-0.3196007
6.819998,0.4803436,-0.374457,-0.3216122
6.839998,0.4819219,-0.3743287,-0.3236996
6.859998,0.4835358,-0.3741931,-0.32586
6.879998,0.4851861,-0.3740507,-0.3280888
6.899998,0.4868727,-0.3739012,-0.3303837
6.919998,0.4885952,-0.3737441,-0.3327396
6.939998,0.490355,-0.3735791,-0.3351535
6.959998,0.4921513,-0.3734065,-0.3376208
6.979998,0.4939845,-0.3732249,-0.3401392
6.999998,0.4958529,-0.3730344,-0.3427032
7.019998,0.4977562,-0.3728346,-0.3453091
7.039998,0.4996934,-0.372625,-0.3479533
7.059998,0.5016642,-0.3724049,-0.3506327
7.079998,0.5036674,-0.3721751,-0.3533423
7.099998,0.5057001,-0.3719333,-0.3560785
7.119998,0.5077608,-0.3716806,-0.3588365
7.139997,0.5098476,-0.3714164,-0.3616138
7.159997,0.5119591,-0.3711394,-0.3644061
7.179997,0.5140924,-0.3708497,-0.3672096
7.199997,0.5162435,-0.3705469,-0.3700196
7.219997,0.5184097,-0.370231,-0.3728332
7.239997,0.5205879,-0.3699013,-0.3756461
7.259997,0.5227757,-0.369557,-0.3784563
7.279997,0.5249689,-0.3691992,-0.3812592
7.299997,0.5271626,-0.3688265,-0.3840511
7.319997,0.5293527,-0.3684391,-0.3868287
7.339997,0.5315356,-0.3680369,-0.3895891
7.359997,0.5337076,-0.3676201,-0.3923292
7.379997,0.5358639,-0.3671879,-0.3950468
7.399997,0.5380213,-0.3667675,-0.3978377
7.419997,0.5401692,-0.3663481,-0.4006635
7.439997,0.5423055,-0.365929,-0.4035248
7.459997,0.5444212,-0.3655041,-0.4063986
7.479997,0.5465183,-0.3650783,-0.4093034
7.499997,0.5486073,-0.3646637,-0.4122964
7.519997,0.5506682,-0.3642443,-0.4153129
7.539997,0.5526946,-0.363818,-0.4183419
7.559998,0.5546818,-0.3633829,-0.4213801
7.579998,0.5566258,-0.3629385,-0.4244272
7.599998,0.5585222,-0.3624846,-0.4274805
7.619998,0.5603857,-0.3620335,-0.4306079
7.639997,0.5621924,-0.3615717,-0.4337451
7.659997,0.5639296,-0.3610941,-0.436859
7.679997,0.5655994,-0.3606039,-0.4399723
7.699997,0.567194,-0.3600997,-0.4430729
7.719997,0.5687289,-0.3595914,-0.4462286
7.739997,0.5701771,-0.359068,-0.4493658
7.759997,0.5715322,-0.3585292,-0.4524779
7.779997,0.5727897,-0.3579756,-0.4555619
7.799997,0.5739636,-0.3574144,-0.4586778
7.819997,0.5750279,-0.3568381,-0.4617553
7.839997,0.5759773,-0.3562473,-0.4647901
7.859997,0.5768044,-0.3556434,-0.4677683
7.879997,0.5775099,-0.3550285,-0.4707025
7.899997,0.5781014,-0.354406,-0.4736276
7.919997,0.5785623,-0.3537749,-0.4764985
7.939997,0.5788858,-0.3531359,-0.4793028
7.959997,0.5790682,-0.3524922,-0.4820331
7.979997,0.5791066,-0.3518449,-0.4846855
7.999997,0.5790105,-0.3511971,-0.487295
8.019998,0.5787654,-0.3505503,-0.4898168
8.039997,0.5783679,-0.3499078,-0.4922414
8.059998,0.5778174,-0.3492719,-0.4945665
8.079997,0.5771136,-0.3486451,-0.4967862
8.099998,0.576262,-0.3480297,-0.4989177
8.119997,0.5752556,-0.3474299,-0.5009321
8.139997,0.5740952,-0.3468479,-0.5028226
8.159997,0.572782,-0.3462871,-0.5045853
8.179997,0.5713181,-0.3457505,-0.5062151
8.199997,0.569706,-0.3452407,-0.5077089
8.219997,0.5679474,-0.344761,-0.5090576
8.239997,0.5660462,-0.3443147,-0.5102556
8.259997,0.5640054,-0.3439034,-0.5112997
8.279997,0.561831,-0.3435303,-0.5121861
8.299997,0.5595224,-0.3431998,-0.5128896
8.319997,0.5570893,-0.342913,-0.5134235
8.339997,0.554539,-0.342671,-0.5137849
8.359997,0.5518756,-0.3424762,-0.5139702
8.379997,0.5491076,-0.3423303,-0.5139763
8.399997,0.5462413,-0.3422347,-0.5138012
8.419997,0.5432777,-0.3421949,-0.5133978
8.439997,0.5402327,-0.3422083,-0.5128047
8.459997,0.5371141,-0.3422741,-0.5120236
8.479997,0.5339305,-0.342394,-0.5110494
8.499997,0.5306838,-0.342574,-0.5098249
8.519997,0.5273919,-0.3428079,-0.508403
8.539997,0.5240626,-0.3430945,-0.5067892
8.559997,0.5207069,-0.3434333,-0.5049816
8.579997,0.517333,-0.3438224,-0.5029841
8.599997,0.5139494,-0.3442613,-0.5007942
8.619997,0.5105631,-0.344756,-0.4983372
8.639997,0.5071893,-0.3452965,-0.4956898
8.659997,0.5038376,-0.3458785,-0.4928736
8.679996,0.5005152,-0.3465019,-0.4898657
8.699997,0.4972327,-0.3471709,-0.4865966
8.719996,0.4940014,-0.3478738,-0.4831542
8.739997,0.4908299,-0.3486074,-0.479546
8.759997,0.4877262,-0.349368,-0.475784
8.779997,0.4846973,-0.3501521,-0.4718678
8.799997,0.4817514,-0.3509558,-0.4678102
8.819997,0.4788995,-0.3517805,-0.4635203
8.839997,0.4761472,-0.3526162,-0.4590997
8.859997,0.4734983,-0.3534583,-0.4545755
8.879997,0.4709601,-0.3543037,-0.44993
8.899997,0.4685454,-0.3551491,-0.4450957
8.919997,0.4662523,-0.3559884,-0.440172
8.939997,0.4640837,-0.3568178,-0.4351816
8.959997,0.4620328,-0.3576342,-0.4302154
8.979997,0.4601002,-0.3584367,-0.4252823
8.999997,0.4582868,-0.3592242,-0.4203907
9.019997,0.4565916,-0.3599967,-0.4155454
9.039997,0.4550147,-0.3607527,-0.4107517
9.059997,0.4535527,-0.3614916,-0.4060146
9.079997,0.4522061,-0.3622121,-0.4013392
9.099997,0.450974,-0.3629137,-0.396733
9.119997,0.4498544,-0.3635966,-0.3922013
9.139997,0.4488442,-0.3642589,-0.3877482
9.159997,0.4479418,-0.3649009,-0.3833787
9.179996,0.4471426,-0.3655223,-0.3790982
9.199997,0.4464455,-0.3661214,-0.37491
9.219996,0.4458475,-0.3666993,-0.3708209
9.239997,0.4453459,-0.3672551,-0.3668347
9.259996,0.4449368,-0.3677887,-0.3629554
9.279997,0.4446163,-0.3683003,-0.3591866
9.299996,0.4443808,-0.3687891,-0.3555314
9.319997,0.4442291,-0.3692559,-0.3519942
9.339996,0.4441552,-0.3697001,-0.3485793
9.359997,0.4441569,-0.3701226,-0.3452879
9.379996,0.4442296,-0.3705231,-0.3421231
9.399997,0.4443717,-0.3709017,-0.3390885
9.419996,0.4445777,-0.3712591,-0.3361856
9.439997,0.4448452,-0.371595,-0.3334163
9.459996,0.4451706,-0.3719107,-0.3307821
9.479997,0.44555,-0.3722061,-0.3282833
9.499996,0.4459801,-0.3724817,-0.3259233
9.519997,0.4464598,-0.372738,-0.3237017
9.539996,0.4469841,-0.3729757,-0.32162
9.559997,0.4475513,-0.3731948,-0.3196769
9.579997,0.4481578,-0.3733965,-0.317874
9.599997,0.4488015,-0.3735811,-0.3162104
9.619997,0.449481,-0.3737494,-0.3146865
9.639997,0.4501934,-0.373902,-0.3133022
9.659997,0.4509368,-0.3740386,-0.312057
9.679996,0.45171,-0.3741609,-0.3109501
9.699997,0.4525115,-0.3742687,-0.3099796
9.719996,0.4533396,-0.3743635,-0.3091465
9.739997,0.4541936,-0.3744448,-0.3084486
9.759996,0.4550719,-0.3745142,-0.3078851
9.779997,0.4559746,-0.3745712,-0.3074545
9.799996,0.4569001,-0.3746167,-0.3071557
9.819997,0.4578485,-0.374652,-0.3069866
9.839996,0.4588199,-0.3746761,-0.3069465
9.859997,0.4598136,-0.3746907,-0.3070325
9.879996,0.4608297,-0.3746954,-0.3072435
9.899997,0.4618678,-0.3746909,-0.3075772
9.919996,0.4629292,-0.3746775,-0.3080313
9.939997,0.4640131,-0.3746556,-0.3086039
9.959996,0.4651213,-0.3746253,-0.3092927
9.979997,0.4662533,-0.3745872,-0.3100954
9.999996,0.4674098,-0.3745414,-0.3110099
10.02,0.4685922,-0.3744882,-0.3120328
10.04,0.4698009,-0.374427,-0.3131618
10.06,0.471036,-0.3743593,-0.3143944
10.08,0.4722991,-0.3742844,-0.3157272
10.1,0.4735904,-0.3742017,-0.3171574
10.12,0.4749107,-0.3741122,-0.3186823
10.14,0.4762607,-0.3740159,-0.3202982
10.16,0.4776421,-0.373912,-0.3220027
10.18,0.4790545,-0.3738006,-0.3237928
10.2,0.4804988,-0.3736821,-0.325664
10.22,0.4819751,-0.3735558,-0.327613
10.24,0.4834833,-0.373422,-0.3296373
10.26,0.4850256,-0.3732799,-0.3317322
10.28,0.4866014,-0.37313,-0.3338951
10.3,0.4882092,-0.3729709,-0.3361211
10.32,0.48985,-0.3728031,-0.3384068
10.34,0.4915233,-0.3726264,-0.3407489
10.36,0.4932289,-0.3724405,-0.3431434
10.38,0.4949665,-0.372244,-0.345586
10.4,0.4967341,-0.3720375,-0.3480726
10.42,0.4985304,-0.371821,-0.3505991
10.44,0.5003552,-0.3715929,-0.3531622
10.46,0.5022063,-0.3713535,-0.3557569
10.48,0.5040832,-0.3711025,-0.3583806
10.5,0.5059819,-0.370839,-0.3610276
10.52,0.5079007,-0.3705636,-0.3636945
10.54,0.5098369,-0.3702751,-0.3663779
10.56,0.5117893,-0.3699735,-0.3690732
10.58,0.5137544,-0.3696588,-0.3717772
10.6,0.5157287,-0.3693296,-0.3744853
10.62,0.5177083,-0.3689872,-0.3771939
10.64,0.5196905,-0.3686305,-0.3798994
10.66,0.521672,-0.3682595,-0.3825984
10.68,0.5236487,-0.367874,-0.3852882
10.7,0.5256186,-0.3674744,-0.3879649
10.72,0.5275817,-0.367071,-0.3906643
10.74,0.5295389,-0.3666683,-0.3934054
10.76,0.5314891,-0.3662666,-0.3961846
10.78,0.5334287,-0.3658639,-0.3990002
10.8,0.5353658,-0.3654758,-0.4019127
10.82,0.5372853,-0.3650852,-0.4048574
10.84,0.5391834,-0.3646899,-0.407827
10.86,0.5410562,-0.3642906,-0.4108241
10.88,0.5428982,-0.3638839,-0.4138348
10.9,0.5447216,-0.3634838,-0.4169304
10.92,0.5465055,-0.3630754,-0.42004
10.94,0.5482461,-0.3626562,-0.4231573
10.96,0.5499365,-0.3622259,-0.4262761
10.98,0.5515733,-0.3617831,-0.4293925
11,0.5531523,-0.3613282,-0.432507
11.02,0.5546851,-0.3608721,-0.4356852
11.04,0.5561485,-0.3604013,-0.4388534
11.06,0.557538,-0.3599168,-0.4420094
11.08,0.5588441,-0.3594157,-0.4451282
11.1,0.5600851,-0.358909,-0.4482997
11.12,0.5612354,-0.3583871,-0.4514436
11.14,0.5622888,-0.35785,-0.4545491
11.16,0.5632415,-0.3572987,-0.4576139
11.18,0.5640876,-0.3567339,-0.4606327
11.2,0.5648241,-0.3561562,-0.4636026
11.22,0.5654607,-0.3555719,-0.4665763
11.24,0.5659785,-0.3549768,-0.4694918
11.26,0.5663724,-0.3543721,-0.4723402
11.28,0.5666385,-0.3537608,-0.4751132
11.3,0.5667875,-0.3531457,-0.4778626
11.32,0.566803,-0.3525265,-0.4805316
11.34,0.5666809,-0.3519064,-0.4831106
11.36,0.5664206,-0.351287,-0.4855971
11.38,0.5660195,-0.3506719,-0.4879854
11.4,0.5654845,-0.3500625,-0.4902989
11.42,0.5648065,-0.3494622,-0.4925034
11.44,0.5639849,-0.3488735,-0.4945913
11.46,0.5630202,-0.3482994,-0.4965582
11.48,0.5619125,-0.3477434,-0.4983986
11.5,0.5606666,-0.3472077,-0.5001192
11.52,0.5592809,-0.3466948,-0.501703
11.54,0.5577579,-0.3462089,-0.5031443
11.56,0.5560999,-0.3457521,-0.5044393
11.58,0.5543103,-0.3453273,-0.5055842
11.6,0.5523911,-0.3449386,-0.506562
11.62,0.5503478,-0.3445867,-0.5073771
11.64,0.5481858,-0.3442751,-0.5080276
11.66,0.5459104,-0.3440059,-0.5085098
11.68,0.5435276,-0.3437797,-0.508825
11.7,0.5410373,-0.3436028,-0.5089289
11.72,0.5384521,-0.3434743,-0.5088512
11.74,0.535779,-0.3433954,-0.5085917
11.76,0.5330248,-0.343366,-0.5081494
11.78,0.5301971,-0.3433882,-0.5075212
11.8,0.5272989,-0.3434671,-0.5066544
11.82,0.524344,-0.343599,-0.5055969
11.84,0.5213413,-0.3437825,-0.5043486
11.86,0.5182991,-0.3440181,-0.5029123
11.88,0.5152264,-0.3443044,-0.5012884
11.9,0.5121269,-0.3446485,-0.4994054
11.92,0.5090165,-0.3450421,-0.4973309
11.94,0.5059037,-0.3454832,-0.4950725
11.96,0.5027971,-0.3459693,-0.4926323
11.98,0.4997051,-0.3465,-0.4900111
12,0.4966359,-0.3470787,-0.4871298
12.02,0.4936016,-0.3476964,-0.4840743
12.04,0.4906104,-0.348349,-0.4808492
12.06,0.4876702,-0.349034,-0.4774627
12.08,0.4847884,-0.3497483,-0.4739198
12.1,0.4819722,-0.3504881,-0.4702247
12.12,0.4792342,-0.3512551,-0.4662917
12.14,0.4765792,-0.3520395,-0.4622213
12.16,0.4740129,-0.3528382,-0.4580205
12.18,0.4715412,-0.3536459,-0.4537027
12.2,0.469178,-0.3544618,-0.449183
12.22,0.4669228,-0.3552786,-0.4445592
12.24,0.4647784,-0.3560919,-0.4398472
12.26,0.4627495,-0.3568977,-0.4350547
12.28,0.4608355,-0.3576933,-0.4302097
12.3,0.4590337,-0.3584763,-0.4253874
12.32,0.4573424,-0.3592457,-0.4206039
12.34,0.4557619,-0.3600007,-0.4158651
12.36,0.4542902,-0.3607408,-0.4111753
12.38,0.4529271,-0.3614653,-0.4065403
12.4,0.4516714,-0.3621722,-0.4019639
12.42,0.4505227,-0.362862,-0.3974541
12.44,0.4494796,-0.3635339,-0.3930145
12.46,0.4485402,-0.3641864,-0.3886509
12.48,0.4477015,-0.3648196,-0.3843665
12.5,0.4469609,-0.3654331,-0.3801668
12.52,0.4463181,-0.366026,-0.3760576
12.54,0.4457698,-0.3665985,-0.3720436
12.56,0.4453125,-0.3671499,-0.3681283
12.58,0.4449441,-0.3676797,-0.3643153
12.6,0.4446619,-0.3681883,-0.3606103
12.62,0.4444623,-0.3686754,-0.357017
12.64,0.4443421,-0.3691405,-0.3535377
12.66,0.4442978,-0.369584,-0.3501755
12.68,0.4443254,-0.370006,-0.3469329
12.7,0.4444227,-0.3704072,-0.3438141
12.72,0.4445863,-0.3707865,-0.3408214
12.74,0.444813,-0.3711449,-0.3379564
12.76,0.4450982,-0.3714827,-0.335221
12.78,0.4454403,-0.3718008,-0.3326161
12.8,0.4458354,-0.3720988,-0.3301451
12.82,0.446281,-0.3723768,-0.3278087
12.84,0.4467735,-0.3726362,-0.325607
12.86,0.4473109,-0.372877,-0.3235414
12.88,0.4478898,-0.3730997,-0.3216113
12.9,0.4485087,-0.3733047,-0.3198187
12.92,0.4491653,-0.3734928,-0.318163
12.94,0.4498563,-0.373665,-0.3166449
12.96,0.4505806,-0.3738211,-0.3152629
12.98,0.4513359,-0.3739616,-0.3140169
13,0.4521215,-0.3740877,-0.3129069
13.02,0.452935,-0.3741995,-0.3119323
13.04,0.4537754,-0.3742977,-0.3110921
13.06,0.4546418,-0.3743831,-0.3103844
13.08,0.4555326,-0.3744556,-0.3098091
13.1,0.4564476,-0.3745164,-0.3093651
13.12,0.4573865,-0.374566,-0.3090498
13.14,0.4583485,-0.3746043,-0.3088632
13.16,0.4593334,-0.374632,-0.3088026
13.18,0.460341,-0.3746496,-0.3088668
13.2,0.4613709,-0.3746573,-0.309054
13.22,0.4624233,-0.3746563,-0.3093623
13.24,0.4634991,-0.3746461,-0.3097895
13.26,0.4645979,-0.3746272,-0.3103337
13.27999,0.4657211,-0.3746003,-0.3109921
13.3,0.4668679,-0.3745652,-0.311763
13.31999,0.4680405,-0.3745223,-0.3126441
13.34,0.4692378,-0.3744718,-0.3136325
13.35999,0.4704616,-0.3744138,-0.3147259
13.38,0.4717121,-0.3743485,-0.3159217
13.39999,0.4729905,-0.374276,-0.3172171
13.42,0.4742975,-0.3741966,-0.3186087
13.43999,0.4756336,-0.3741099,-0.3200943
13.46,0.4769998,-0.3740162,-0.3216709
13.47999,0.4783964,-0.3739153,-0.3233346
13.5,0.4798241,-0.3738071,-0.3250832
13.51999,0.4812841,-0.3736914,-0.3269119
13.54,0.4827757,-0.3735684,-0.3288193
13.56,0.4843001,-0.3734378,-0.3308008
13.58,0.485858,-0.373299,-0.3328533
13.6,0.4874496,-0.3731526,-0.3349738
13.62,0.4890738,-0.3729974,-0.3371573
13.64,0.4907308,-0.3728336,-0.3394004
13.66,0.4924209,-0.3726608,-0.3417001
13.68,0.4941435,-0.3724786,-0.3440518
13.7,0.4958968,-0.3722869,-0.346452
13.72,0.4976807,-0.3720852,-0.3488963
13.74,0.4994934,-0.371873,-0.3513812
13.76,0.5013347,-0.3716503,-0.3539027
13.77999,0.5032034,-0.3714162,-0.3564576
13.8,0.5050964,-0.3711702,-0.3590404
13.81999,0.5070119,-0.3709131,-0.3616482
13.84,0.5089478,-0.3706437,-0.3642769
13.85999,0.5109031,-0.3703614,-0.3669225
13.88,0.5128746,-0.370066,-0.3695818
13.89999,0.5148585,-0.3697578,-0.3722503
13.92,0.5168519,-0.3694359,-0.3749242
13.93999,0.5188518,-0.3691002,-0.3775998
13.96,0.5208549,-0.3687505,-0.3802736
13.97999,0.5228586,-0.3683869,-0.3829433
14,0.5248594,-0.3680087,-0.385605
14.01999,0.5268507,-0.3676165,-0.3882541
14.04,0.5288298,-0.3672096,-0.3908875
14.05999,0.5308008,-0.3667988,-0.3935427
14.08,0.5327654,-0.3663903,-0.3962417
14.09999,0.5347309,-0.3659972,-0.3990371
14.12,0.5366831,-0.3656038,-0.4018711
14.13999,0.5386178,-0.3652076,-0.4047342
14.16,0.5405312,-0.364808,-0.4076227
14.17999,0.5424209,-0.3644036,-0.4105381
14.2,0.5442963,-0.3640093,-0.4135431
14.21999,0.546139,-0.363608,-0.4165671
14.24,0.5479436,-0.3631986,-0.4196053
14.25999,0.549705,-0.3627795,-0.4226505
14.27999,0.5514193,-0.3623503,-0.4257051
14.29999,0.5530992,-0.3619229,-0.4288318
14.31999,0.5547218,-0.3614832,-0.4319611
14.34,0.5562801,-0.3610302,-0.4350824
14.35999,0.5577703,-0.3605632,-0.4381931
14.38,0.5591874,-0.3600818,-0.4412898
14.39999,0.5605268,-0.3595868,-0.4443718
14.42,0.5618014,-0.3590866,-0.4475022
14.43999,0.5629873,-0.3585714,-0.4506086
14.46,0.5640771,-0.3580412,-0.4536801
14.47999,0.5650687,-0.3574969,-0.4567189
14.5,0.5659719,-0.3569447,-0.4597776
14.51999,0.5667655,-0.3563789,-0.4627919
14.54,0.5674448,-0.355801,-0.4657548
14.55999,0.5680039,-0.3552116,-0.4686593
14.58,0.5684414,-0.3546127,-0.4715039
14.59999,0.5687523,-0.3540059,-0.4742821
14.62,0.5689464,-0.3533946,-0.4770381
14.63999,0.5690074,-0.3527795,-0.4797186
14.66,0.5689321,-0.352161,-0.4823165
14.67999,0.5687184,-0.3515428,-0.4848284
14.7,0.5683732,-0.3509275,-0.4872812
14.71999,0.5678849,-0.3503157,-0.4896345
14.74,0.5672522,-0.3497115,-0.4918799
14.75999,0.5664749,-0.3491184,-0.4940151
14.77999,0.5655537,-0.3485376,-0.4960351
14.79999,0.5644922,-0.3479725,-0.4979498
14.81999,0.5632868,-0.3474258,-0.4997364
14.83999,0.5619392,-0.3469011,-0.5013903
14.85999,0.5604517,-0.3464009,-0.5029058
14.87999,0.5588267,-0.3459285,-0.5042793
14.89999,0.5570662,-0.3454868,-0.5055012
14.91999,0.5551748,-0.3450786,-0.5065682
14.93999,0.5531552,-0.3447062,-0.507478
14.95999,0.5510139,-0.3443717,-0.508226
14.97999,0.5487547,-0.3440782,-0.5088091
14.99999,0.5463791,-0.3438293,-0.5091969
15.01999,0.5438972,-0.3436261,-0.5094088
15.03999,0.5413158,-0.3434697,-0.509444
15.05999,0.538641,-0.3433615,-0.5092988
15.07999,0.5358806,-0.3433024,-0.5089685
15.09999,0.5330365,-0.343299,-0.5084113
15.12,0.5301228,-0.3433474,-0.5076648
15.13999,0.5271471,-0.3434476,-0.5067297
15.16,0.5241184,-0.3435997,-0.505607
15.17999,0.5210443,-0.3438035,-0.5042948
15.2,0.5179334,-0.3440596,-0.5027924
15.21999,0.5147915,-0.3443717,-0.5010446
15.24,0.5116308,-0.3447357,-0.4990946
15.25999,0.5084627,-0.3451482,-0.4969553
15.27999,0.505295,-0.3456069,-0.4946343
15.29999,0.5021353,-0.3461186,-0.4920499
15.31999,0.4989967,-0.3466727,-0.489281
15.33999,0.4958882,-0.347268,-0.4863371
15.35999,0.4928174,-0.3478993,-0.4832218
15.37999,0.4897928,-0.3485652,-0.4799425
15.39999,0.4868228,-0.3492631,-0.4764991
15.41999,0.4839177,-0.3499945,-0.4728124
15.43999,0.4810848,-0.3507499,-0.4689726
15.45999,0.4783316,-0.3515254,-0.4649935
15.47999,0.4756637,-0.3523172,-0.4608794
15.49999,0.4730949,-0.3531252,-0.4565462
15.51999,0.4706273,-0.3539404,-0.4520949
15.53999,0.4682655,-0.3547589,-0.4475387
15.55999,0.4660127,-0.3555771,-0.4428852
15.57999,0.4638739,-0.3563908,-0.4381436
15.59999,0.4618616,-0.3571962,-0.4332459
15.61999,0.4599628,-0.3579899,-0.42837
15.63999,0.4581759,-0.3587703,-0.4235299
15.65999,0.4565005,-0.3595368,-0.4187305
15.67999,0.454936,-0.3602885,-0.4139771
15.69999,0.4534841,-0.361025,-0.4092767
15.71999,0.4521422,-0.361745,-0.4046342
15.73999,0.4509106,-0.3624471,-0.400055
15.75999,0.4497862,-0.3631316,-0.3955429
15.77999,0.4487669,-0.3637978,-0.3911037
15.79999,0.4478533,-0.3644444,-0.3867438
15.81999,0.4470425,-0.3650714,-0.3824671
15.83999,0.4463305,-0.3656782,-0.3782791
15.85999,0.4457159,-0.3662642,-0.3741831
15.87999,0.4451945,-0.3668293,-0.3701839
15.89999,0.4447656,-0.3673731,-0.3662869
15.91999,0.4444251,-0.3678955,-0.3624958
15.93999,0.44417,-0.3683964,-0.358814
15.95999,0.4439969,-0.3688751,-0.3552451
15.97999,0.4439011,-0.3693327,-0.3517912
15.99999,0.443882,-0.3697683,-0.3484581
16.01999,0.4439344,-0.3701824,-0.3452473
16.04,0.4440556,-0.3705748,-0.3421614
16.05999,0.4442415,-0.3709465,-0.3392028
16.07999,0.444489,-0.3712975,-0.3363725
16.09999,0.4447942,-0.3716274,-0.3336723
16.12,0.4451556,-0.3719376,-0.3311051
16.13999,0.4455686,-0.372228,-0.328672
16.15999,0.4460311,-0.3724989,-0.3263737
16.17999,0.4465396,-0.3727514,-0.3242113
16.2,0.4470913,-0.372985,-0.3221844
16.21999,0.4476843,-0.373201,-0.3202958
16.23999,0.4483171,-0.3733994,-0.3185439
16.25999,0.4489853,-0.3735815,-0.3169296
16.27999,0.449688,-0.3737475,-0.3154527
16.29999,0.4504228,-0.3738974,-0.3141119
16.31999,0.4511881,-0.3740326,-0.3129083
16.33999,0.4519825,-0.3741533,-0.3118405
16.35999,0.4528046,-0.3742598,-0.3109082
16.37999,0.4536533,-0.3743533,-0.3101098
16.39999,0.4545269,-0.3744336,-0.3094447
16.41999,0.4554253,-0.3745018,-0.308911
16.43999,0.4563472,-0.3745586,-0.3085089
16.45999,0.4572926,-0.3746039,-0.3082359
16.47999,0.4582608,-0.3746382,-0.3080908
16.49999,0.4592519,-0.3746623,-0.3080719
16.51999,0.4602649,-0.3746763,-0.3081778
16.53999,0.4613006,-0.3746809,-0.3084066
16.55999,0.462359,-0.3746766,-0.3087555
16.57999,0.4634404,-0.3746632,-0.3092239
16.59999,0.4645452,-0.3746411,-0.3098087
16.61999,0.4656732,-0.3746113,-0.310508
16.63999,0.4668262,-0.3745733,-0.3113188
16.65999,0.4680037,-0.3745281,-0.31224
16.67999,0.4692073,-0.3744749,-0.3132681
16.69999,0.470437,-0.3744141,-0.3144006
16.71999,0.471693,-0.3743464,-0.315635
16.73999,0.4729781,-0.3742715,-0.3169683
16.75999,0.4742913,-0.3741893,-0.3183976
16.77999,0.4756341,-0.3741006,-0.3199205
16.79999,0.4770069,-0.374004,-0.3215334
16.81999,0.4784102,-0.373901,-0.3232331
16.83999,0.479845,-0.3737901,-0.3250163
16.85999,0.4813123,-0.3736721,-0.32688
16.87999,0.4828115,-0.3735467,-0.3288216
16.89999,0.4843452,-0.3734132,-0.3308364
16.91999,0.4859114,-0.3732721,-0.3329215
16.93999,0.4875107,-0.3731226,-0.3350729
16.95999,0.4891434,-0.3729645,-0.3372868
16.97999,0.4908094,-0.3727981,-0.3395601
16.99999,0.4925077,-0.3726221,-0.3418877
17.01999,0.4942374,-0.3724376,-0.3442661
17.03999,0.4959989,-0.3722423,-0.3466923
17.05999,0.4977908,-0.3720373,-0.3491617
17.07999,0.4996128,-0.3718218,-0.3516718
17.09999,0.5014622,-0.3715953,-0.354216
17.11999,0.5033374,-0.3713576,-0.3567918
17.13999,0.5052376,-0.3711084,-0.3593951
17.15999,0.5071602,-0.3708471,-0.3620228
17.17999,0.5091038,-0.3705736,-0.3646701
17.19999,0.511065,-0.3702871,-0.367333
17.21999,0.5130405,-0.3699876,-0.3700074
17.23999,0.5150292,-0.369675,-0.3726902
17.25999,0.5170269,-0.3693484,-0.3753775
17.27999,0.5190315,-0.3690087,-0.3780664
17.29999,0.5210381,-0.3686544,-0.3807517
17.31999,0.5230422,-0.3682858,-0.3834304
17.33999,0.5250411,-0.3679034,-0.3860987
17.35999,0.5270314,-0.3675059,-0.3887543
17.37999,0.5290098,-0.3670946,-0.3913937
17.39999,0.5309887,-0.366695,-0.3941137
17.41999,0.5329599,-0.3662966,-0.3968741
17.43999,0.5349197,-0.3658978,-0.3996708
17.45999,0.5368652,-0.3654972,-0.4025002
17.47999,0.5387931,-0.3650945,-0.4053601
17.49999,0.5407128,-0.3647035,-0.4083123
17.51999,0.5426073,-0.3643085,-0.4112913
17.53999,0.5444717,-0.3639065,-0.4142888
17.55999,0.5463009,-0.3634969,-0.4173022
17.57999,0.5480924,-0.3630794,-0.4203284
17.59999,0.5498557,-0.3626662,-0.4234346
17.61999,0.5515718,-0.3622433,-0.4265497
17.63999,0.5532329,-0.3618072,-0.4296629
17.65999,0.5548344,-0.3613585,-0.432772
17.67999,0.5563722,-0.3608967,-0.4358739
17.69999,0.5578589,-0.360432,-0.439038
17.71999,0.5592711,-0.3599535,-0.4421892
17.73999,0.5606019,-0.3594595,-0.4453175
17.75999,0.5618472,-0.35895,-0.4484214
17.77999,0.5630014,-0.3584262,-0.4514956
17.79999,0.5640779,-0.357895,-0.4546041
17.81999,0.565053,-0.3573493,-0.4576758
17.83999,0.5659213,-0.3567897,-0.4607043
17.85999,0.5666785,-0.3562175,-0.463684
17.87999,0.5673199,-0.3556329,-0.4666092
17.89999,0.567857,-0.3550423,-0.4695331
17.91999,0.5682697,-0.3544415,-0.4723945
17.93999,0.5685546,-0.3538331,-0.4751867
17.95999,0.5687082,-0.3532192,-0.4779066
17.97999,0.568727,-0.3526012,-0.4805445
17.99999,0.5686197,-0.351983,-0.4831398
18.01999,0.5683734,-0.3513645,-0.4856457
18.03999,0.5679851,-0.3507496,-0.4880536
18.05999,0.5674534,-0.3501402,-0.4903604
18.07999,0.5667784,-0.3495394,-0.4925608
18.09999,0.5659642,-0.3489496,-0.4946691
18.11999,0.5650065,-0.3483731,-0.4966619
18.13999,0.5639043,-0.3478142,-0.4985295
18.15999,0.5626595,-0.3472747,-0.5002689
18.17999,0.5612736,-0.3467582,-0.5018742
18.19999,0.5597496,-0.3462671,-0.5033436
18.21999,0.5580878,-0.3458046,-0.504667
18.23999,0.5562935,-0.3453737,-0.5058411
18.25999,0.554369,-0.3449765,-0.5068606
18.27999,0.5523186,-0.3446161,-0.5077224
18.29999,0.550148,-0.3442947,-0.5084221
18.31999,0.5478568,-0.3440167,-0.5089331
18.33999,0.5454564,-0.3437818,-0.5092723
18.35999,0.5429516,-0.3435923,-0.5094373
18.37999,0.540349,-0.3434502,-0.5094254
18.39999,0.5376556,-0.3433563,-0.5092355
18.41999,0.534873,-0.3433164,-0.5088191
18.43999,0.5320148,-0.3433281,-0.5082151
18.45999,0.5290892,-0.3433906,-0.5074261
18.47999,0.526104,-0.3435055,-0.506448
18.49999,0.5230625,-0.3436781,-0.5052226
18.51999,0.5199795,-0.3439032,-0.5038039
18.53999,0.5168643,-0.34418,-0.5021956
18.55999,0.5137253,-0.3445066,-0.5003984
18.57999,0.5105715,-0.3448831,-0.4984142
18.59999,0.5074086,-0.3453149,-0.49617
18.61999,0.504251,-0.3457929,-0.4937371
18.63999,0.5011072,-0.3463153,-0.4911236
18.65999,0.4979863,-0.3468794,-0.4883331
18.67999,0.4948964,-0.3474828,-0.4853689
18.69999,0.4918468,-0.3481292,-0.482156
18.71999,0.4888477,-0.3488098,-0.4787634
18.73999,0.485908,-0.3495194,-0.4752132
18.75999,0.4830339,-0.3502558,-0.4715125
18.77999,0.4802327,-0.3510147,-0.4676663
18.79999,0.4775114,-0.3517934,-0.463678
18.81999,0.4748831,-0.3525916,-0.4594653
18.83999,0.4723501,-0.3534001,-0.4551275
18.85999,0.4699187,-0.354215,-0.450675
18.87999,0.4675918,-0.3550326,-0.4461221
18.89999,0.4653842,-0.3558501,-0.4413935
18.91999,0.4632945,-0.3566605,-0.4365667
18.93999,0.4613223,-0.3574616,-0.4316837
18.95999,0.4594617,-0.3582498,-0.4268242
18.97999,0.4577119,-0.3590254,-0.422001
18.99999,0.4560752,-0.3597862,-0.417222
19.01999,0.45455,-0.3605324,-0.4124913
19.03999,0.4531355,-0.3612629,-0.4078151
19.05999,0.4518311,-0.361976,-0.4031971
19.07999,0.4506345,-0.3626724,-0.3986427
19.09999,0.4495454,-0.3633505,-0.3941585
19.11999,0.4485621,-0.3640095,-0.3897497
19.13999,0.4476821,-0.3646497,-0.3854205
19.15999,0.4469037,-0.3652695,-0.3811763
19.17999,0.4462223,-0.3658694,-0.3770202
19.19999,0.4456384,-0.3664483,-0.3729586
19.21999,0.4451475,-0.3670062,-0.3689965
19.23999,0.4447474,-0.3675426,-0.3651367
19.25999,0.4444342,-0.3680578,-0.3613831
19.27999,0.4442039,-0.3685514,-0.3577392
19.29999,0.4440556,-0.3690232,-0.3542092
19.31999,0.4439847,-0.3694733,-0.3507977
19.33999,0.4439883,-0.3699018,-0.3475061
19.35999,0.4440622,-0.370309,-0.3443368
19.37999,0.4442029,-0.3706948,-0.3412928
19.39999,0.4444084,-0.3710591,-0.3383772
19.41999,0.4446745,-0.3714033,-0.3355917
19.43999,0.4449983,-0.3717269,-0.3329376
19.45999,0.4453764,-0.3720301,-0.3304163
19.47999,0.4458055,-0.3723139,-0.3280291
19.49999,0.4462829,-0.3725787,-0.3257776
19.51999,0.4468064,-0.3728248,-0.3236627
19.53999,0.4473729,-0.3730527,-0.3216847
19.55999,0.4479792,-0.3732628,-0.3198439
19.57999,0.4486232,-0.3734556,-0.3181399
19.59999,0.4493034,-0.3736323,-0.3165741
19.61999,0.4500175,-0.3737928,-0.3151454
19.63999,0.450763,-0.3739375,-0.313854
19.65999,0.4515386,-0.3740679,-0.3126986
19.67999,0.4523427,-0.3741833,-0.3116788
19.69999,0.4531741,-0.3742853,-0.3107945
19.71999,0.4540319,-0.3743745,-0.310044
19.73999,0.4549146,-0.3744503,-0.3094267
19.75999,0.4558215,-0.3745147,-0.3089406
19.77999,0.4567521,-0.3745669,-0.3085853
19.79999,0.4577055,-0.3746082,-0.3083589
19.81999,0.4586821,-0.3746389,-0.3082599
19.83999,0.4596813,-0.3746592,-0.3082863
19.85999,0.4607029,-0.3746699,-0.3084366
19.87999,0.4617472,-0.3746711,-0.3087091
19.89999,0.4628139,-0.374663,-0.3091012
19.91999,0.4639044,-0.3746465,-0.3096116
19.93999,0.4650178,-0.3746222,-0.3102375
19.95999,0.4661555,-0.3745891,-0.310977
19.97999,0.4673176,-0.3745483,-0.3118277
19.99999,0.4685054,-0.3744999,-0.3127868
20.01999,0.4697185,-0.3744441,-0.3138519
20.03999,0.4709585,-0.3743809,-0.3150207
20.05999,0.4722261,-0.3743106,-0.31629
20.07999,0.4735217,-0.3742334,-0.3176577
20.09999,0.4748466,-0.3741482,-0.3191203
20.11999,0.4762011,-0.3740567,-0.320674
20.13999,0.4775858,-0.373958,-0.3223169
20.15999,0.4790015,-0.3738519,-0.3240453
20.17999,0.4804492,-0.3737384,-0.3258573
20.19999,0.4819288,-0.3736175,-0.327747
20.21999,0.4834414,-0.3734893,-0.3297126
20.23999,0.4849858,-0.3733529,-0.3317505
20.25999,0.4865644,-0.3732086,-0.3338571
20.27999,0.4881763,-0.3730561,-0.336029
20.29999,0.489821,-0.3728949,-0.338262
20.31999,0.491498,-0.3727247,-0.340552
20.33999,0.4932079,-0.3725454,-0.3428955
20.35999,0.4949496,-0.3723565,-0.3452893
20.37999,0.4967227,-0.3721579,-0.3477295
20.39999,0.4985256,-0.3719493,-0.3502109
20.41999,0.5003572,-0.3717295,-0.3527303
20.43999,0.5022156,-0.3714987,-0.3552841
20.45999,0.5041003,-0.3712569,-0.357868
20.47999,0.5060098,-0.3710028,-0.3604786
20.49999,0.5079403,-0.3707367,-0.363111
20.51999,0.5098901,-0.3704587,-0.3657615
20.53999,0.5118566,-0.3701674,-0.3684264
20.55999,0.5138373,-0.3698627,-0.3711021
20.57999,0.5158305,-0.3695451,-0.373785
20.59999,0.5178304,-0.3692135,-0.3764706
20.61999,0.519835,-0.3688682,-0.379155
20.63999,0.5218403,-0.3685087,-0.3818354
20.65999,0.5238433,-0.3681349,-0.3845087
20.67999,0.5258403,-0.3677469,-0.3871709
20.69999,0.5278261,-0.367344,-0.3898182
20.71999,0.529804,-0.3669385,-0.3924902
20.73999,0.5317755,-0.3665336,-0.3952002
20.75999,0.5337381,-0.366129,-0.3979488
20.77999,0.5356884,-0.3657237,-0.4007325
20.79999,0.537636,-0.3653334,-0.4036124
20.81999,0.5395644,-0.3649393,-0.4065231
20.83999,0.5414691,-0.3645416,-0.4094584
20.85999,0.5433469,-0.364138,-0.4124176
20.87999,0.5451903,-0.363726,-0.4153827
20.89999,0.547015,-0.3633207,-0.4184327
20.91999,0.5488014,-0.3629104,-0.4215108
20.93999,0.5505428,-0.3624893,-0.4245959
20.95999,0.552232,-0.3620566,-0.4276821
20.97999,0.5538661,-0.361612,-0.4307672
20.99999,0.5554581,-0.3611671,-0.4339214
21.01999,0.5569844,-0.3607084,-0.437071
21.03999,0.5584381,-0.3602358,-0.4402055
21.05999,0.5598149,-0.359748,-0.4433228
21.07999,0.5611091,-0.3592454,-0.4464171
21.09999,0.5623341,-0.3587362,-0.4495511
21.11999,0.5634661,-0.3582126,-0.4526595
21.13999,0.5645013,-0.357674,-0.4557354
21.15999,0.5654325,-0.3571218,-0.4587705
21.17999,0.566256,-0.3565561,-0.4617605
21.19999,0.5669832,-0.3559827,-0.4647594
21.21999,0.5675931,-0.3553973,-0.4677044
21.23999,0.5680804,-0.3548018,-0.470589
21.25999,0.5684428,-0.3541976,-0.4734074
21.27999,0.5686765,-0.3535868,-0.4761563
21.29999,0.568789,-0.3529724,-0.4788726
21.31999,0.5687671,-0.3523544,-0.4815112
21.33999,0.5686069,-0.3517359,-0.4840638
21.35999,0.5683048,-0.3511187,-0.4865171
21.37999,0.567863,-0.3505055,-0.4888793
21.39999,0.5672851,-0.3498989,-0.4911676
21.41999,0.5665627,-0.3493017,-0.4933472
21.43999,0.5656958,-0.3487169,-0.4954107
21.45999,0.5646844,-0.3481466,-0.4973541
21.47999,0.56353,-0.3475944,-0.4991729
21.49999,0.5622356,-0.3470629,-0.5008709
21.51999,0.560801,-0.3465546,-0.502432
21.53999,0.5592268,-0.3460735,-0.5038518
21.55999,0.5575171,-0.3456219,-0.5051249
21.57999,0.555676,-0.3452026,-0.5062478
21.59999,0.5537062,-0.3448178,-0.5072169
21.61999,0.5516095,-0.3444716,-0.5080113
21.63999,0.5493939,-0.3441654,-0.5086408
21.65999,0.5470643,-0.3439015,-0.5091013
21.67999,0.5446267,-0.3436817,-0.5093906
21.69999,0.5420864,-0.3435074,-0.5095059
21.71999,0.5394461,-0.3433846,-0.5094076
21.73999,0.5367174,-0.3433112,-0.5091254
21.75999,0.5339084,-0.3432876,-0.5086598
21.77999,0.5310261,-0.343315,-0.5080092
21.79999,0.5280728,-0.3433999,-0.5071184
21.81999,0.5250642,-0.343537,-0.5060362
21.83999,0.5220079,-0.3437263,-0.5047644
21.85999,0.5189133,-0.3439671,-0.5033026
21.87999,0.5157924,-0.3442522,-0.5017182
21.89999,0.5126514,-0.3445803,-0.5000153
21.91999,0.5094948,-0.3449501,-0.4981958
21.93999,0.5063291,-0.3453609,-0.4962612
21.95999,0.503159,-0.3458112,-0.4942135
21.97999,0.499989,-0.3463,-0.4920543
21.99999,0.4968255,-0.3468257,-0.4897863
22.01999,0.4936724,-0.3473872,-0.4874117
22.03999,0.490535,-0.347982,-0.4849333
22.05999,0.4874182,-0.3486091,-0.4823534
22.07999,0.4843254,-0.3492669,-0.4796763
22.09999,0.4812622,-0.3499535,-0.4769041
22.11999,0.4782321,-0.3506671,-0.4740402
22.13999,0.475337,-0.3515085,-0.4696689
22.15999,0.4725442,-0.3523623,-0.4651585
22.17999,0.4698594,-0.3532249,-0.4605193
22.19999,0.4672961,-0.3540949,-0.4556867
22.21999,0.4648542,-0.3549634,-0.4507585
22.23999,0.4625363,-0.355826,-0.4457492
22.25999,0.4603457,-0.3566798,-0.4406668
22.27999,0.4582851,-0.3575217,-0.4355201
22.29999,0.4563477,-0.3583471,-0.4304073
22.31999,0.4545326,-0.3591551,-0.4253413
22.33999,0.4528382,-0.3599461,-0.420328
22.35999,0.4512625,-0.3607196,-0.4153718
22.37999,0.4498065,-0.3614739,-0.4104771
22.39999,0.4484687,-0.3622094,-0.4056512
22.41999,0.447247,-0.3629249,-0.4008998
22.43999,0.4461393,-0.3636202,-0.396226
22.45999,0.4451432,-0.3642946,-0.3916348
22.47999,0.4442558,-0.3649484,-0.387131
22.49999,0.443476,-0.3655802,-0.3827213
22.51999,0.442801,-0.3661903,-0.3784095
22.53999,0.4422264,-0.3667785,-0.3741998
22.55999,0.4417496,-0.3673438,-0.3700959
22.57999,0.4413664,-0.3678867,-0.3661008
22.59999,0.4410748,-0.3684071,-0.3622217
22.61999,0.4408712,-0.3689045,-0.3584599
22.63999,0.4407516,-0.3693796,-0.3548191
22.65999,0.440711,-0.3698319,-0.3513023
22.67999,0.4407468,-0.370262,-0.3479114
22.69999,0.4408562,-0.3706697,-0.3446505
22.71999,0.4410348,-0.3710552,-0.341522
22.73999,0.4412796,-0.3714195,-0.338527
22.75999,0.4415855,-0.3717624,-0.3356676
22.77999,0.4419496,-0.3720843,-0.3329444
22.79999,0.4423695,-0.3723851,-0.3303604
22.81999,0.4428415,-0.3726665,-0.3279164
22.83999,0.4433622,-0.3729278,-0.3256128
22.85999,0.4439287,-0.3731703,-0.3234496
22.87999,0.4445381,-0.3733941,-0.3214277
22.89999,0.4451878,-0.3735996,-0.3195475
22.91999,0.4458756,-0.373788,-0.3178098
22.93999,0.446599,-0.3739597,-0.316213
22.95999,0.4473553,-0.3741146,-0.3147576
22.97999,0.448143,-0.3742541,-0.3134421
22.99999,0.448961,-0.3743781,-0.3122669
23.01999,0.4498062,-0.374488,-0.3112311
23.03999,0.4506788,-0.3745838,-0.3103332
23.05999,0.4515767,-0.3746661,-0.3095724
23.07999,0.4524984,-0.3747355,-0.3089471
23.09999,0.453444,-0.3747929,-0.3084559
23.11999,0.4544125,-0.3748382,-0.3080979
23.13999,0.4554036,-0.3748726,-0.3078713
23.15999,0.4564164,-0.3748957,-0.3077739
23.17999,0.4574509,-0.374909,-0.3078042
23.19999,0.4585075,-0.3749119,-0.3079604
23.21999,0.4595861,-0.3749057,-0.3082402
23.23999,0.4606862,-0.37489,-0.3086418
23.25999,0.4618092,-0.3748659,-0.3091632
23.27999,0.462955,-0.374833,-0.3098013
23.29999,0.4641242,-0.374792,-0.3105544
23.31999,0.4653168,-0.3747433,-0.3114201
23.33999,0.4665344,-0.3746868,-0.3123956
23.35999,0.4677782,-0.3746229,-0.313478
23.37999,0.4690475,-0.3745514,-0.3146649
23.39999,0.4703436,-0.374473,-0.3159535
23.41999,0.4716678,-0.3743871,-0.3173401
23.43999,0.4730201,-0.3742939,-0.318823
23.45999,0.4744024,-0.3741938,-0.3203981
23.47999,0.4758141,-0.3740867,-0.3220634
23.49999,0.477257,-0.3739721,-0.3238139
23.51999,0.4787312,-0.3738505,-0.3256474
23.53999,0.4802375,-0.3737212,-0.3275601
23.55999,0.4817762,-0.3735844,-0.3295489
23.57999,0.4833481,-0.3734399,-0.3316106
23.59999,0.4849524,-0.3732871,-0.3337403
23.61999,0.4865899,-0.3731261,-0.335935
23.63999,0.4882603,-0.3729571,-0.3381904
23.65999,0.489964,-0.3727785,-0.3405038
23.67999,0.4917002,-0.3725914,-0.3428711
23.69999,0.4934678,-0.3723942,-0.345287
23.71999,0.495266,-0.3721877,-0.3477484
23.73999,0.4970942,-0.3719712,-0.3502513
23.75999,0.4989519,-0.3717438,-0.3527925
23.77999,0.5008364,-0.3715051,-0.355366
23.79999,0.5027461,-0.3712553,-0.3579692
23.81999,0.5046787,-0.3709944,-0.3605978
23.83999,0.5066338,-0.370721,-0.3632476
23.85999,0.5086083,-0.3704356,-0.3659157
23.87999,0.510601,-0.3701373,-0.3685978
23.89999,0.5126066,-0.3698262,-0.3712893
23.91999,0.5146236,-0.3695017,-0.3739862
23.93999,0.5166481,-0.3691641,-0.3766857
23.95999,0.5186782,-0.3688124,-0.379384
23.97999,0.52071,-0.3684469,-0.3820781
23.99999,0.522738,-0.3680674,-0.3847627
24.01999,0.5247588,-0.3676738,-0.3874347
24.03999,0.5267696,-0.3672663,-0.3900914
24.05999,0.5287719,-0.3668555,-0.3927701
24.07999,0.5307677,-0.3664442,-0.3954839
24.09999,0.5327632,-0.3660473,-0.3982875
24.11999,0.5347481,-0.365651,-0.401132
24.13999,0.5367146,-0.3652509,-0.4039986
24.15999,0.5386627,-0.3648485,-0.406897
24.17999,0.5405889,-0.3644434,-0.4098262
24.19999,0.5425029,-0.3640491,-0.4128456
24.21999,0.544383,-0.3636459,-0.4158751
24.23999,0.5462284,-0.363237,-0.4189264
24.25999,0.5480313,-0.3628179,-0.4219838
24.27999,0.5497899,-0.3623897,-0.425049
24.29999,0.5515161,-0.3619643,-0.4281917
24.31999,0.5531838,-0.3615259,-0.431327
24.33999,0.5547903,-0.3610741,-0.4344557
24.35999,0.556334,-0.3606113,-0.4375893
24.37999,0.5578051,-0.360134,-0.4407049
24.39999,0.559217,-0.3596522,-0.4438703
24.41999,0.5605452,-0.3591551,-0.4470132
24.43999,0.5617871,-0.3586441,-0.4501331
24.45999,0.562933,-0.3581172,-0.4532132
24.47999,0.5639815,-0.3575763,-0.4562567
24.49999,0.5649447,-0.3570284,-0.4593265
24.51999,0.5657992,-0.3564667,-0.46235
24.53999,0.5665374,-0.3558923,-0.4653113
24.55999,0.5671606,-0.3553077,-0.4682262
24.57999,0.5676641,-0.3547138,-0.4710861
24.59999,0.5680547,-0.3541139,-0.4739252
24.61999,0.5683143,-0.3535076,-0.4766913
24.63999,0.5684404,-0.3528963,-0.4793746
24.65999,0.5684319,-0.3522826,-0.4819792
24.67999,0.5682855,-0.3516692,-0.4844975
24.69999,0.5680084,-0.3510579,-0.4869589
24.71999,0.5675893,-0.3504511,-0.4893219
24.73999,0.5670266,-0.3498515,-0.4915805
24.75999,0.5663202,-0.3492621,-0.4937288
24.77999,0.5654693,-0.3486851,-0.4957624
24.79999,0.5644784,-0.3481237,-0.4976928
24.81999,0.5633435,-0.3475806,-0.4994964
24.83999,0.5620666,-0.3470584,-0.5011684
24.85999,0.5606492,-0.3465616,-0.5027034
24.87999,0.559093,-0.3460912,-0.5040967
24.89999,0.5574014,-0.3456513,-0.5053407
24.91999,0.5555778,-0.3452443,-0.5064321
24.93999,0.5536256,-0.3448731,-0.5073674
24.95999,0.5515492,-0.3445393,-0.5081419
24.97999,0.5493546,-0.3442458,-0.5087554
24.99999,0.5470417,-0.3439971,-0.5091724
25.01999,0.5446205,-0.343793,-0.5094154
25.03999,0.542098,-0.3436354,-0.509483
25.05999,0.5394809,-0.3435253,-0.5093732
25.07999,0.5367756,-0.343465,-0.5090812
25.09999,0.5339837,-0.343459,-0.5085608
25.11999,0.5311193,-0.3435045,-0.5078519
25.13999,0.5281916,-0.3436013,-0.5069561
25.15999,0.525207,-0.3437504,-0.5058692
25.17999,0.5221748,-0.3439511,-0.5045967
25.19999,0.5190988,-0.3442096,-0.5030702
25.21999,0.5159941,-0.344519,-0.5013524
25.23999,0.5128691,-0.3448778,-0.4994468
25.25999,0.5097332,-0.3452853,-0.4973539
25.27999,0.5065944,-0.3457397,-0.4950785
25.29999,0.5034604,-0.3462464,-0.4925399
25.31999,0.5003438,-0.3467966,-0.4898085
25.33999,0.4972544,-0.3473862,-0.4869071
25.35999,0.4942002,-0.3480128,-0.4838387
25.37999,0.491188,-0.3486735,-0.4806093
25.39999,0.4882298,-0.3493727,-0.4771209
25.41999,0.485333,-0.3500987,-0.4734819
25.43999,0.4825058,-0.350849,-0.469683
25.45999,0.4797544,-0.3516194,-0.465756
25.47999,0.4770856,-0.3524061,-0.4616865
25.49999,0.4745121,-0.3532096,-0.4573961
25.51999,0.4720373,-0.3540207,-0.4529855
25.53999,0.4696646,-0.3548354,-0.4484662
25.55999,0.4673994,-0.3556498,-0.4438497
25.57999,0.4652448,-0.3564602,-0.4391451
25.59999,0.4632144,-0.357263,-0.4342823
25.61999,0.461297,-0.3580536,-0.4294225
25.63999,0.4594903,-0.3588313,-0.4245962
25.65999,0.457794,-0.3595954,-0.4198093
25.67999,0.4562094,-0.3603448,-0.4150687
25.69999,0.4547358,-0.3610789,-0.4103796
25.71999,0.4533725,-0.3617955,-0.4057473
25.73999,0.4521174,-0.3624963,-0.4011757
25.75999,0.4509687,-0.3631784,-0.3966705
25.77999,0.4499254,-0.3638424,-0.3922361
25.79999,0.4489861,-0.3644873,-0.3878797
25.81999,0.4481492,-0.3651119,-0.3836053
25.83999,0.4474113,-0.3657171,-0.3794176
25.85999,0.4467697,-0.3663017,-0.37532
25.87999,0.4462218,-0.3668653,-0.3713185
25.89999,0.4457664,-0.3674074,-0.3674175
25.91999,0.4453998,-0.3679281,-0.3636208
25.93999,0.4451187,-0.3684276,-0.3599321
25.95999,0.4449186,-0.3689052,-0.3563552
25.97999,0.4447975,-0.3693615,-0.3528912
25.99999,0.4447522,-0.3697964,-0.349547
26.01999,0.4447789,-0.3702093,-0.3463246
26.03999,0.4448752,-0.3706011,-0.3432252
26.05999,0.4450369,-0.3709718,-0.3402519
26.07999,0.4452608,-0.3713218,-0.3374062
26.09999,0.4455438,-0.3716513,-0.3346916
26.11999,0.4458828,-0.3719608,-0.332109
26.13999,0.4462748,-0.3722504,-0.3296597
26.15999,0.4467163,-0.3725208,-0.3273443
26.17999,0.4472055,-0.3727723,-0.3251653
26.19999,0.4477396,-0.3730053,-0.3231227
26.21999,0.4483151,-0.3732206,-0.3212175
26.23999,0.4489303,-0.3734189,-0.3194492
26.25999,0.4495826,-0.3736001,-0.3178174
26.27999,0.4502683,-0.3737651,-0.316323
26.29999,0.4509881,-0.3739148,-0.314965
26.31999,0.4517388,-0.3740493,-0.313744
26.33999,0.4525194,-0.3741692,-0.3126586
26.35999,0.4533281,-0.3742753,-0.3117085
26.37999,0.4541626,-0.3743678,-0.3108923
26.39999,0.4550242,-0.3744479,-0.3102094
26.41999,0.4559102,-0.3745152,-0.3096582
26.43999,0.4568207,-0.3745712,-0.3092379
26.45999,0.4577551,-0.3746158,-0.3089471
26.47999,0.4587119,-0.3746496,-0.3087841
26.49999,0.4596915,-0.3746732,-0.3087474
26.51999,0.4606946,-0.3746871,-0.3088349
26.53999,0.4617205,-0.3746911,-0.309045
26.55999,0.462769,-0.3746859,-0.3093764
26.57999,0.4638407,-0.3746723,-0.309826
26.59999,0.4649363,-0.3746499,-0.3103923
26.61999,0.4660559,-0.3746196,-0.3110728
26.63999,0.4671998,-0.3745812,-0.3118655
26.65999,0.468369,-0.3745357,-0.3127681
26.67999,0.469564,-0.3744818,-0.3137774
26.69999,0.4707856,-0.3744212,-0.314891
26.71999,0.4720345,-0.3743535,-0.3161069
26.73999,0.4733109,-0.3742782,-0.3174215
26.75999,0.4746163,-0.3741964,-0.3188324
26.77999,0.4759517,-0.374107,-0.3203371
26.79999,0.4773169,-0.3740107,-0.3219314
26.81999,0.478713,-0.3739072,-0.3236125
26.83999,0.4801402,-0.3737966,-0.3253776
26.85999,0.4815998,-0.3736786,-0.3272235
26.87999,0.4830914,-0.3735532,-0.3291461
26.89999,0.4846153,-0.3734199,-0.3311418
26.91999,0.4861722,-0.3732785,-0.3332081
26.93999,0.4877625,-0.3731292,-0.3353411
26.95999,0.4893856,-0.3729714,-0.3375376
26.97999,0.4910412,-0.372805,-0.3397927
26.99999,0.4927292,-0.3726293,-0.3421028
27.01999,0.4944489,-0.3724443,-0.3444649
27.03999,0.4962001,-0.372249,-0.3468745
27.05999,0.4979823,-0.3720444,-0.3493285
27.07999,0.4997926,-0.3718287,-0.3518221
27.09999,0.5016303,-0.3716029,-0.3543515
27.11999,0.5034943,-0.3713647,-0.356913
27.13999,0.505383,-0.3711158,-0.3595023
27.15999,0.5072947,-0.3708547,-0.3621166
27.17999,0.5092258,-0.370581,-0.3647509
27.19999,0.5111742,-0.3702947,-0.3674008
27.21999,0.5131378,-0.3699955,-0.3700629
27.23999,0.5151136,-0.3696829,-0.3727339
27.25999,0.5170994,-0.3693568,-0.3754108
27.27999,0.5190916,-0.3690165,-0.3780894
27.29999,0.5210862,-0.3686625,-0.3807655
27.31999,0.5230784,-0.3682944,-0.3834349
27.33999,0.5250666,-0.3679115,-0.386095
27.35999,0.5270452,-0.3675145,-0.3887431
27.37999,0.5290151,-0.3671099,-0.3913997
27.39999,0.5309801,-0.3667084,-0.3941039
27.41999,0.5329361,-0.3663064,-0.3968453
27.43999,0.5348811,-0.3659047,-0.3996232
27.45999,0.5368123,-0.3655015,-0.4024347
27.47999,0.5387378,-0.3651103,-0.4053367
27.49999,0.5406427,-0.3647171,-0.4082739
27.51999,0.5425215,-0.3643192,-0.4112349
27.53999,0.5443711,-0.3639156,-0.4142185
27.55999,0.5461836,-0.3635019,-0.417208
27.57999,0.5479746,-0.3630961,-0.420285
27.59999,0.5497231,-0.3626806,-0.4233769
27.61999,0.5514221,-0.3622538,-0.4264719
27.63999,0.5530667,-0.3618156,-0.429568
27.65999,0.5546532,-0.361365,-0.4326626
27.67999,0.5561762,-0.360902,-0.4357512
27.69999,0.5576487,-0.3604366,-0.4389031
27.71999,0.559047,-0.3599559,-0.4420413
27.73999,0.5603642,-0.3594612,-0.4451586
27.75999,0.5615959,-0.3589505,-0.4482502
27.77999,0.5627537,-0.3584331,-0.4513767
27.79999,0.5638175,-0.3579015,-0.4544767
27.81999,0.5647793,-0.3573545,-0.4575371
27.83999,0.5656343,-0.356794,-0.460554
27.85999,0.5663795,-0.3562211,-0.4635248
27.87999,0.5670102,-0.3556367,-0.4664423
27.89999,0.5675366,-0.3550452,-0.4693604
27.91999,0.5679393,-0.3544444,-0.4722147
27.93999,0.5682139,-0.3538357,-0.4749995
27.95999,0.5683589,-0.3532215,-0.4777134
27.97999,0.5683804,-0.352604,-0.4803875
27.99999,0.5682654,-0.3519849,-0.4829818
28.01999,0.5680108,-0.3513669,-0.4854831
28.03999,0.567615,-0.3507513,-0.4878886
28.05999,0.5670772,-0.3501414,-0.4901937
28.07999,0.5663958,-0.3495401,-0.4923889
28.09999,0.565577,-0.3489496,-0.4944991
28.11999,0.5646145,-0.3483723,-0.4964907
28.13999,0.563508,-0.3478123,-0.4983588
28.15999,0.5622597,-0.3472716,-0.5000987
28.17999,0.5608716,-0.346754,-0.5017105
28.19999,0.5593448,-0.3462619,-0.5031816
28.21999,0.5576813,-0.3457981,-0.5045073
28.23999,0.5558853,-0.3453656,-0.5056841
28.25999,0.5539598,-0.344967,-0.5067071
28.27999,0.551909,-0.3446048,-0.5075721
28.29999,0.5497341,-0.3442835,-0.508256
28.31999,0.5474443,-0.3440031,-0.5087733
28.33999,0.5450439,-0.3437666,-0.5091151
28.35999,0.5425406,-0.3435751,-0.509286
28.37999,0.5399399,-0.3434311,-0.5092807
28.39999,0.5372429,-0.3433391,-0.5090557
28.41999,0.5344634,-0.3432974,-0.5086476
28.43999,0.5316088,-0.3433067,-0.5080521
28.45999,0.5286865,-0.3433675,-0.5072712
28.47999,0.5257053,-0.3434798,-0.5063021
28.49999,0.5226669,-0.3436507,-0.5050865
28.51999,0.5195885,-0.3438731,-0.5036789
28.53999,0.5164752,-0.3441504,-0.5020546
28.55999,0.5133431,-0.3444711,-0.5003095
28.57999,0.510191,-0.3448485,-0.4982998
28.59999,0.5070319,-0.3452796,-0.4960579
28.61999,0.5038791,-0.345755,-0.493642
28.63999,0.5007393,-0.3462754,-0.4910427
28.65999,0.497622,-0.3468367,-0.4882776
28.67999,0.4945352,-0.3474385,-0.4853263
28.69999,0.4914889,-0.3480839,-0.4821246
28.71999,0.4884925,-0.3487629,-0.4787465
28.73999,0.4855552,-0.3494726,-0.4752063
28.75999,0.4826829,-0.3502079,-0.4715233
28.77999,0.4798837,-0.350967,-0.4676883
28.79999,0.477169,-0.3517495,-0.4636322
28.81999,0.4745445,-0.3525475,-0.4594288
28.83999,0.4720151,-0.3533565,-0.4551047
28.85999,0.4695864,-0.3541723,-0.4506652
28.87999,0.4672625,-0.3549906,-0.4461231
28.89999,0.4650586,-0.3558093,-0.4413925
28.91999,0.4629712,-0.3566219,-0.4365774
28.93999,0.4610033,-0.3574244,-0.4316918
28.95999,0.4591467,-0.3582147,-0.4268259
28.97999,0.4574013,-0.3589917,-0.4219967
28.99999,0.4557683,-0.3597542,-0.4172107
29.01999,0.4542468,-0.3605024,-0.4124734
29.03999,0.4528358,-0.3612341,-0.4077902
29.05999,0.4515343,-0.3619496,-0.4031651
29.07999,0.4503407,-0.3626474,-0.3986041
29.09999,0.449255,-0.3633271,-0.3941129
29.11999,0.4482751,-0.363988,-0.3896974
29.13999,0.4473991,-0.3646299,-0.3853615
29.15999,0.4466231,-0.3652514,-0.3811099
29.17999,0.4459467,-0.365853,-0.3769484
29.19999,0.4453673,-0.3664333,-0.3728822
29.21999,0.4448814,-0.3669926,-0.3689146
29.23999,0.4444861,-0.3675305,-0.3650497
29.25999,0.4441767,-0.3680471,-0.3612911
29.27999,0.4439511,-0.3685416,-0.3576417
29.29999,0.4438066,-0.3690149,-0.3541072
29.31999,0.4437399,-0.3694664,-0.3506905
29.33999,0.4437475,-0.3698961,-0.3473935
29.35999,0.443825,-0.3703045,-0.3442194
29.37999,0.4439707,-0.3706912,-0.3411715
29.39999,0.4441814,-0.3710567,-0.3382519
29.41999,0.4444516,-0.3714019,-0.3354627
29.43999,0.4447799,-0.3717262,-0.332805
29.45999,0.4451613,-0.3720309,-0.3302799
29.47999,0.4455943,-0.3723155,-0.327889
29.49999,0.4460759,-0.3725811,-0.3256335
29.51999,0.4466028,-0.3728281,-0.3235152
29.53999,0.4471722,-0.3730565,-0.3215333
29.55999,0.4477818,-0.3732673,-0.3196885
29.57999,0.4484296,-0.3734614,-0.3179818
29.59999,0.4491138,-0.3736383,-0.3164131
29.61999,0.4498305,-0.3737992,-0.3149821
29.63999,0.4505801,-0.3739449,-0.3136877
29.65999,0.4513583,-0.3740753,-0.3125304
29.67999,0.4521656,-0.3741914,-0.3115081
29.69999,0.4529998,-0.3742942,-0.3106213
29.71999,0.4538598,-0.3743833,-0.3098685
29.73999,0.4547458,-0.3744596,-0.3092486
29.75999,0.4556546,-0.3745245,-0.3087609
29.77999,0.4565878,-0.3745772,-0.3084033
29.79999,0.4575434,-0.3746184,-0.3081751
29.81999,0.4585228,-0.3746492,-0.3080748
29.83999,0.4595232,-0.3746699,-0.3080997
29.85999,0.4605472,-0.3746811,-0.3082488
29.87999,0.4615927,-0.3746825,-0.3085203
29.89999,0.4626617,-0.3746747,-0.3089116
29.91999,0.4637532,-0.3746589,-0.3094205
29.93999,0.4648681,-0.3746344,-0.310046
29.95999,0.4660077,-0.3746015,-0.3107847
29.97999,0.4671712,-0.3745607,-0.3116346
29.99999,0.4683599,-0.3745126,-0.3125933
30.01999,0.4695749,-0.3744568,-0.3136579
30.03999,0.4708161,-0.3743943,-0.314826
30.05999,0.4720855,-0.374324,-0.3160948
30.07999,0.4733825,-0.3742467,-0.3174618
30.09999,0.4747083,-0.3741626,-0.3189239
30.11999,0.4760642,-0.374071,-0.3204772
30.13999,0.4774499,-0.3739725,-0.3221201
30.15999,0.4788673,-0.3738672,-0.3238485
30.17999,0.4803162,-0.3737541,-0.3256594
30.19999,0.4817963,-0.3736335,-0.3275488
30.21999,0.4833093,-0.3735057,-0.3295146
30.23999,0.4848552,-0.3733698,-0.3315524
30.25999,0.4864349,-0.3732258,-0.3336588
30.27999,0.4880481,-0.3730739,-0.3358309
30.29999,0.4896941,-0.3729132,-0.338064
30.31999,0.4913726,-0.3727437,-0.3403545
30.33999,0.4930842,-0.3725654,-0.342699
30.35999,0.4948277,-0.3723768,-0.3450935
30.37999,0.4966016,-0.3721789,-0.3475335
30.39999,0.4984055,-0.3719708,-0.3500156
30.41999,0.5002375,-0.3717519,-0.3525359
30.43999,0.5020978,-0.3715221,-0.3550903
30.45999,0.5039845,-0.3712806,-0.3576755
30.47999,0.5058956,-0.3710276,-0.3602876
30.49999,0.5078282,-0.3707622,-0.3629216
30.51999,0.5097804,-0.3704849,-0.365574
30.53999,0.5117497,-0.3701946,-0.3682413
30.55999,0.5137339,-0.369891,-0.370919
30.57999,0.5157311,-0.369574,-0.3736047
30.59999,0.5177355,-0.3692433,-0.3762932
30.61999,0.5197444,-0.3688987,-0.3789812
30.63999,0.5217547,-0.3685402,-0.3816651
30.65999,0.5237632,-0.3681673,-0.3843414
30.67999,0.5257664,-0.3677801,-0.3870077
30.69999,0.5277581,-0.3673786,-0.3896593
30.71999,0.5297413,-0.3669711,-0.3923244
30.73999,0.5317175,-0.3665644,-0.3950279
30.75999,0.5336852,-0.3661581,-0.3977705
30.77999,0.5356417,-0.3657516,-0.4005489
30.79999,0.537596,-0.3653599,-0.4034266
30.81999,0.5395312,-0.3649656,-0.4063335
30.83999,0.5414429,-0.3645664,-0.4092644
30.85999,0.5433273,-0.3641621,-0.4122161
30.87999,0.5451808,-0.3637511,-0.4151864
30.89999,0.5470161,-0.3633486,-0.4182453
30.91999,0.5488105,-0.3629369,-0.4213171
30.93999,0.55056,-0.3625149,-0.4243974
30.95999,0.5522561,-0.3620797,-0.4274682
30.97999,0.5538998,-0.3616351,-0.4305502
30.99999,0.5554998,-0.361189,-0.4336927
31.01999,0.5570364,-0.3607308,-0.436838
31.03999,0.5585017,-0.3602575,-0.4399693
31.05999,0.5598903,-0.3597704,-0.4430842
31.07999,0.5611973,-0.3592688,-0.4461783
31.09999,0.5624371,-0.358761,-0.4493189
31.11999,0.5635839,-0.3582386,-0.4524315
31.13999,0.5646324,-0.3577002,-0.4555063
31.15999,0.565578,-0.3571483,-0.4585413
31.17999,0.5664167,-0.3565832,-0.4615341
31.19999,0.5671577,-0.3560096,-0.4645312
31.21999,0.5677836,-0.355425,-0.4674805
31.23999,0.5682881,-0.3548301,-0.4703718
31.25999,0.5686674,-0.3542258,-0.4731977
31.27999,0.5689182,-0.3536147,-0.4759534
31.29999,0.5690489,-0.353,-0.478682
31.31999,0.5690446,-0.3523821,-0.4813305
31.33999,0.5689015,-0.3517629,-0.4838912
31.35999,0.5686188,-0.3511451,-0.4863623
31.37999,0.5681939,-0.3505305,-0.4887362
31.39999,0.5676327,-0.3499225,-0.4910326
31.41999,0.5669279,-0.3493234,-0.4932254
31.43999,0.5660772,-0.3487364,-0.4953006
31.45999,0.5650835,-0.3481635,-0.4972593
31.47999,0.5639479,-0.3476084,-0.4991048
31.49999,0.5626693,-0.3470737,-0.5008202
31.51999,0.5612493,-0.3465627,-0.5023987
31.53999,0.5596905,-0.346078,-0.5038354
31.55999,0.5579946,-0.3456227,-0.5051268
31.57999,0.5561669,-0.3451992,-0.5062685
31.59999,0.5542076,-0.3448118,-0.5072457
31.61999,0.5521231,-0.3444616,-0.50806
31.63999,0.5499187,-0.3441509,-0.5087099
31.65999,0.5475993,-0.3438824,-0.509192
31.67999,0.5451713,-0.3436579,-0.5095032
31.69999,0.5426345,-0.3434824,-0.5096076
31.71999,0.5400023,-0.3433551,-0.5095311
31.73999,0.537281,-0.3432766,-0.5092734
31.75999,0.5344777,-0.3432485,-0.5088313
31.77999,0.5316,-0.3432714,-0.5082057
31.79999,0.5286512,-0.343351,-0.5073401
31.81999,0.5256443,-0.3434838,-0.5062816
31.83999,0.5225897,-0.3436683,-0.5050334
31.85999,0.5194948,-0.3439044,-0.5035981
31.87999,0.5163684,-0.3441921,-0.5019733
31.89999,0.513216,-0.3445371,-0.5000893
31.91999,0.5100513,-0.344932,-0.4980146
31.93999,0.5068836,-0.345374,-0.4957551
31.95999,0.5037231,-0.3458616,-0.4933106
31.97999,0.5005755,-0.3463997,-0.4906158
31.99999,0.4974542,-0.3469805,-0.4877274
32.01999,0.4943681,-0.3475994,-0.4846681
32.03999,0.4913249,-0.3482538,-0.4814385
32.05999,0.4883332,-0.3489403,-0.478047
32.07999,0.4854002,-0.3496567,-0.4744988
32.09999,0.482538,-0.3504041,-0.470708
32.11999,0.4797525,-0.3511733,-0.4667659
32.13999,0.4770503,-0.3519603,-0.4626896
32.15999,0.4744372,-0.3527602,-0.4584944
32.17999,0.4719274,-0.3535734,-0.4540843
32.19999,0.4695215,-0.3543922,-0.449554
32.21999,0.4672246,-0.3552111,-0.4449235
32.23999,0.4650402,-0.356027,-0.4402012
32.25999,0.4629717,-0.3568364,-0.4353999
32.27999,0.4610214,-0.3576349,-0.430526
32.29999,0.4591846,-0.358421,-0.4256766
32.31999,0.4574602,-0.3591937,-0.4208654
32.33999,0.4558475,-0.3599519,-0.4160989
32.35999,0.4543462,-0.3606948,-0.411382
32.37999,0.4529543,-0.3614217,-0.4067194
32.39999,0.4516716,-0.3621322,-0.402115
32.41999,0.4504969,-0.3628248,-0.397577
32.43999,0.4494295,-0.3634988,-0.39311
32.45999,0.4484668,-0.3641545,-0.3887177
32.47999,0.447607,-0.3647901,-0.3844075
32.49999,0.4468498,-0.3654062,-0.3801837
32.51999,0.4461906,-0.366001,-0.3760506
32.53999,0.4456267,-0.3665756,-0.3720126
32.55999,0.4451549,-0.3671292,-0.3680731
32.57999,0.4447725,-0.3676611,-0.3642367
32.59999,0.4444766,-0.3681713,-0.3605084
32.61999,0.4442644,-0.3686601,-0.3568915
32.63999,0.4441328,-0.3691269,-0.3533895
32.65999,0.4440773,-0.369572,-0.3500046
32.67999,0.4440942,-0.3699957,-0.3467396
32.69999,0.4441819,-0.3703979,-0.3435988
32.71999,0.4443364,-0.3707792,-0.3405841
32.73999,0.4445541,-0.3711389,-0.3376978
32.75999,0.4448318,-0.3714784,-0.3349412
32.77999,0.4451652,-0.3717974,-0.3323154
32.79999,0.4455533,-0.3720967,-0.329824
32.81999,0.445992,-0.3723761,-0.3274673
32.83999,0.4464786,-0.3726364,-0.3252459
32.85999,0.44701,-0.372878,-0.3231613
32.87999,0.4475832,-0.3731021,-0.3212127
32.89999,0.4481964,-0.3733081,-0.3194017
32.91999,0.4488473,-0.3734974,-0.3177286
32.93999,0.4495332,-0.3736702,-0.3161928
32.95999,0.4502525,-0.3738271,-0.3147937
32.97999,0.4510026,-0.3739687,-0.3135312
32.99999,0.4517829,-0.3740956,-0.3124052
33.01999,0.4525912,-0.3742081,-0.3114152
33.03999,0.4534273,-0.3743073,-0.3105597
33.05999,0.454289,-0.3743931,-0.3098376
33.07999,0.4551744,-0.3744668,-0.3092482
33.09999,0.456085,-0.3745281,-0.3087904
33.11999,0.4570191,-0.3745781,-0.3084627
33.13999,0.4579763,-0.3746172,-0.308263
33.15999,0.4589558,-0.3746454,-0.3081904
33.17999,0.4599576,-0.3746639,-0.3082434
33.19999,0.4609823,-0.3746725,-0.3084196
33.21999,0.4620299,-0.3746718,-0.3087178
33.23999,0.4631,-0.3746623,-0.3091351
33.25999,0.4641938,-0.3746439,-0.3096699
33.27999,0.4653106,-0.3746177,-0.3103201
33.29999,0.4664516,-0.3745834,-0.3110834
33.31999,0.4676175,-0.3745407,-0.3119567
33.33999,0.4688091,-0.3744909,-0.3129384
33.35999,0.4700263,-0.3744336,-0.3140258
33.37999,0.4712706,-0.374369,-0.315216
33.39999,0.4725428,-0.3742973,-0.3165059
33.41999,0.4738426,-0.3742186,-0.3178935
33.43999,0.475172,-0.3741325,-0.3193752
33.45999,0.476531,-0.3740398,-0.3209488
33.47999,0.4779212,-0.3739394,-0.3226106
33.49999,0.4793422,-0.3738323,-0.3243569
33.51999,0.4807949,-0.3737174,-0.3261847
33.53999,0.48228,-0.3735951,-0.3280911
33.55999,0.483798,-0.3734654,-0.3300725
33.57999,0.4853492,-0.3733279,-0.3321258
33.59999,0.4869332,-0.3731817,-0.3342464
33.61999,0.4885507,-0.3730277,-0.3364312
33.63999,0.4902005,-0.3728653,-0.3386763
33.65999,0.4918842,-0.3726934,-0.3409788
33.67999,0.4935989,-0.3725125,-0.3433336
33.69999,0.4953451,-0.3723217,-0.3457371
33.71999,0.4971223,-0.372121,-0.348185
33.73999,0.498929,-0.37191,-0.3506749
33.75999,0.5007644,-0.3716885,-0.353202
33.77999,0.5026278,-0.3714556,-0.3557629
33.79999,0.5045156,-0.3712112,-0.3583528
33.81999,0.5064273,-0.3709553,-0.3609681
33.83999,0.5083604,-0.3706867,-0.3636051
33.85999,0.5103121,-0.3704058,-0.3662597
33.87999,0.5122809,-0.3701121,-0.3689288
33.89999,0.5142632,-0.369805,-0.3716069
33.91999,0.5162578,-0.3694845,-0.3742922
33.93999,0.5182629,-0.3691503,-0.3769829
33.95999,0.5202785,-0.368802,-0.3796765
33.97999,0.5223036,-0.3684391,-0.3823704
33.99999,0.5243359,-0.3680626,-0.3850635
34.01999,0.5263748,-0.3676716,-0.3877521
34.03999,0.5284185,-0.3672658,-0.3904354
34.05999,0.5304666,-0.3668455,-0.3931113
34.07999,0.5325162,-0.3664097,-0.3957769
34.09999,0.5345659,-0.3659598,-0.3984311
34.11999,0.5366151,-0.3654951,-0.4010719
