7.359997,0.4894663,-0.3416449,-0.4824919
7.379997,0.4877404,-0.3414318,-0.4830084
7.399997,0.486,-0.3412496,-0.4834214
7.419997,0.4842526,-0.3411007,-0.4837247
7.439997,0.4825133,-0.3409873,-0.4839237
7.459997,0.4807944,-0.3409112,-0.4840208
7.479997,0.479103,-0.3408723,-0.4840188
7.499997,0.4774634,-0.3408734,-0.4839256
7.519997,0.4758726,-0.3409163,-0.4837136
7.539997,0.474324,-0.3410001,-0.4834014
7.559998,0.4728173,-0.3411274,-0.4829867
7.579998,0.4713528,-0.3412965,-0.4824682
7.599998,0.4694182,-0.341424,-0.481741
7.619998,0.4678276,-0.3415697,-0.4806365
7.639997,0.4663992,-0.3416676,-0.4801062
7.659997,0.4650961,-0.3417847,-0.4796427
7.679997,0.4638935,-0.3419942,-0.4786243
7.699997,0.4622205,-0.3412878,-0.4848097
7.719997,0.4614286,-0.3417172,-0.482559
7.739997,0.4606545,-0.3419865,-0.4816857
7.759997,0.4599747,-0.3422402,-0.4811586
7.779997,0.4593157,-0.3424738,-0.4809532
7.799997,0.4588306,-0.3428152,-0.4801721
7.819997,0.4584022,-0.3431383,-0.4797203
7.839997,0.4580447,-0.3434958,-0.4791819
7.859997,0.4577548,-0.3438907,-0.478525
7.879997,0.4575297,-0.3443138,-0.4778041
7.899997,0.4573645,-0.3447647,-0.4770354
7.919997,0.4572896,-0.3452404,-0.4762236
7.939997,0.4572942,-0.3457414,-0.4753676
7.959997,0.4573683,-0.3462635,-0.4744674
7.979997,0.457507,-0.3468096,-0.4735049
7.999997,0.4577347,-0.3473713,-0.4725375
8.019998,0.4580424,-0.3479502,-0.471538
8.039997,0.4584202,-0.3485481,-0.4704788
8.059998,0.4588602,-0.3491597,-0.4693705
8.079997,0.459355,-0.3497841,-0.4682196
8.099998,0.4599015,-0.3504182,-0.4670235
8.119997,0.4605304,-0.3510607,-0.4658001
8.139997,0.4612312,-0.3517107,-0.4645364
8.159997,0.4619883,-0.3523665,-0.4632239
8.179997,0.4627953,-0.3530245,-0.4618795
8.199997,0.4636731,-0.3536821,-0.4605409
8.219997,0.4646134,-0.3543392,-0.4591763
8.239997,0.465601,-0.3549941,-0.4577749
8.259997,0.4666294,-0.3556451,-0.456353
8.279997,0.4676872,-0.356213,-0.455359
8.299997,0.4689294,-0.3567842,-0.4531737
8.319997,0.4701748,-0.3573369,-0.4509782
8.339997,0.4713695,-0.3578773,-0.4487831
8.359997,0.4725869,-0.3584129,-0.4466286
8.379997,0.4738394,-0.3589454,-0.4445369
8.399997,0.4751626,-0.3594598,-0.4425594
8.419997,0.4765543,-0.3599626,-0.4406714
8.439997,0.4778984,-0.3604564,-0.4387808
8.459997,0.4792178,-0.3609364,-0.4369239
8.479997,0.480529,-0.3614,-0.4351121
8.499997,0.4818541,-0.3618488,-0.4333591
8.519997,0.4831844,-0.3622829,-0.431661
8.539997,0.4845047,-0.3627008,-0.4300087
8.559997,0.485811,-0.3631033,-0.4283999
8.579997,0.4871031,-0.3634902,-0.4268348
8.599997,0.4883797,-0.363861,-0.4253139
8.619997,0.4896642,-0.3642153,-0.4238518
8.639997,0.4909442,-0.3645531,-0.4224428
8.659997,0.4922113,-0.3648756,-0.4210811
8.679996,0.4934913,-0.3652949,-0.4213282
8.699997,0.4947886,-0.3657705,-0.4226347
8.719996,0.4960386,-0.366225,-0.4239801
8.739997,0.4971339,-0.3666217,-0.4247879
8.759997,0.4984741,-0.3670177,-0.4259892
8.779997,0.4998804,-0.3673733,-0.4270314
8.799997,0.501319,-0.3676997,-0.4280315
8.819997,0.5027881,-0.368003,-0.4290336
8.839997,0.5042786,-0.3682839,-0.4300445
8.859997,0.5057849,-0.3685406,-0.4310433
8.879997,0.5073016,-0.368771,-0.4320121
8.899997,0.5088271,-0.3689771,-0.4329482
8.919997,0.5103467,-0.3691586,-0.4338486
8.939997,0.51183,-0.3693199,-0.434726
8.959997,0.5132062,-0.3694827,-0.4357597
8.979997,0.5146335,-0.369661,-0.437324
8.999997,0.5160385,-0.3697444,-0.4380956
9.019997,0.5174985,-0.369803,-0.4388894
9.039997,0.5190383,-0.3698506,-0.4398723
9.059997,0.5207267,-0.3698508,-0.4407166
9.079997,0.5222048,-0.3698303,-0.4414282
9.099997,0.5236405,-0.3697958,-0.4422221
9.119997,0.525045,-0.3697402,-0.4430191
9.139997,0.5264257,-0.3696587,-0.443787
9.159997,0.5277845,-0.3695537,-0.4445221
9.179996,0.5291161,-0.3694231,-0.4452284
9.199997,0.5304259,-0.3692665,-0.4458939
9.219996,0.5316987,-0.3690844,-0.446529
9.239997,0.5329266,-0.368878,-0.4471188
9.259996,0.5341077,-0.3686479,-0.4476728
9.279997,0.5352412,-0.3683937,-0.4481992
9.299996,0.5363183,-0.3681171,-0.4486969
9.319997,0.5373375,-0.3678182,-0.4491704
9.339996,0.5383028,-0.3674967,-0.4496235
9.359997,0.5392162,-0.3671532,-0.4500571
9.379996,0.5407667,-0.3667305,-0.4501194
9.399997,0.5420693,-0.3662728,-0.4502754
9.419996,0.5430915,-0.3658031,-0.450385
9.439997,0.5439194,-0.3653252,-0.450468
9.459996,0.5446119,-0.3648401,-0.4505493
9.479997,0.5452002,-0.3643475,-0.4506406
9.499996,0.5457008,-0.3638475,-0.4507531
9.519997,0.546109,-0.3633395,-0.450882
9.539996,0.546442,-0.3628232,-0.4510364
9.559997,0.5467069,-0.3622975,-0.451217
9.579997,0.5469102,-0.3617635,-0.4514265
9.599997,0.5470574,-0.3612208,-0.4516667
9.619997,0.5471281,-0.3606678,-0.4519289
9.639997,0.5471307,-0.360106,-0.4522139
9.659997,0.5470744,-0.3595351,-0.4525256
9.679996,0.5469577,-0.3589541,-0.4528617
9.699997,0.54676,-0.3583635,-0.453212
9.719996,0.5464876,-0.3577637,-0.4535785
9.739997,0.5461525,-0.3571541,-0.453963
9.759996,0.5457598,-0.3565348,-0.4543662
9.779997,0.54531,-0.3559073,-0.4547876
9.799996,0.5447767,-0.3552699,-0.4552129
9.819997,0.5441747,-0.3546239,-0.4556462
9.839996,0.5435088,-0.3539691,-0.4560875
9.859997,0.542796,-0.3533067,-0.4565397
9.879996,0.5420287,-0.3526365,-0.457
9.899997,0.54121,-0.3519603,-0.4574661
9.919996,0.5403249,-0.3512801,-0.4580034
9.939997,0.5393822,-0.3505986,-0.4586045
9.959996,0.5383897,-0.3499133,-0.4592596
9.979997,0.5373517,-0.3492245,-0.4599755
9.999996,0.5362521,-0.3485357,-0.4607982
10.02,0.5350932,-0.347843,-0.461678
10.04,0.5338858,-0.3471462,-0.4625992
10.06,0.5326281,-0.3464457,-0.4635687
10.08,0.5313072,-0.3457409,-0.4645555
10.1,0.5297898,-0.3451993,-0.4652926
10.12,0.5281528,-0.3447144,-0.4659083
10.14,0.5265282,-0.3442455,-0.4665495
10.16,0.5248983,-0.3437828,-0.467211
10.18,0.523261,-0.343329,-0.4679018
10.2,0.521587,-0.3428855,-0.4686642
10.22,0.5198825,-0.3424523,-0.4694326
10.24,0.5181509,-0.3420305,-0.4702103
10.26,0.5164009,-0.3416196,-0.4709782
10.28,0.5146351,-0.3412202,-0.4717464
10.3,0.5128566,-0.3408328,-0.4725099
10.32,0.5110471,-0.3404556,-0.4733188
10.34,0.5092189,-0.3400917,-0.4741133
10.36,0.5073725,-0.3397414,-0.474888
10.38,0.5055121,-0.3394067,-0.4756414
10.4,0.5036268,-0.3390851,-0.4764152
10.42,0.5017249,-0.3387807,-0.4771541
10.44,0.4998144,-0.3384936,-0.4778584
10.46,0.4979047,-0.3382269,-0.4785144
10.48,0.4959973,-0.3379811,-0.479133
10.5,0.494082,-0.3377543,-0.4797413
10.52,0.4921964,-0.3375309,-0.4803507
10.54,0.4903283,-0.3372791,-0.4810103
10.56,0.4884992,-0.3370135,-0.4816824
10.58,0.4869623,-0.3367567,-0.4824498
10.6,0.4852409,-0.3365033,-0.4831137
10.62,0.4833893,-0.3362604,-0.4836802
10.64,0.4816137,-0.3360517,-0.4841808
10.66,0.4798417,-0.3358873,-0.4845895
10.68,0.478038,-0.3357616,-0.4848836
10.7,0.4762262,-0.3356726,-0.485074
10.72,0.4744178,-0.3356192,-0.4851738
10.74,0.472622,-0.3356012,-0.485179
10.76,0.4708452,-0.3356193,-0.4850901
10.78,0.4690907,-0.3356769,-0.4849048
10.8,0.4673677,-0.3357763,-0.4846095
10.82,0.4656773,-0.3359189,-0.4842112
10.84,0.4640228,-0.3361054,-0.4837101
10.86,0.4624075,-0.3363363,-0.4831053
10.88,0.4608329,-0.3366108,-0.4823996
10.9,0.4593146,-0.3369363,-0.4815606
10.92,0.4578469,-0.3373094,-0.4806076
10.94,0.4564255,-0.3377281,-0.4795487
10.96,0.4550565,-0.3381922,-0.4783756
10.98,0.453741,-0.3386997,-0.4771011
11,0.4525038,-0.3392577,-0.4756809
11.02,0.4507772,-0.3397171,-0.4749294
11.04,0.4492874,-0.3400249,-0.474667
11.06,0.4480284,-0.340341,-0.4743697
11.08,0.4469995,-0.3407631,-0.4734383
11.1,0.4461637,-0.3412024,-0.472607
11.12,0.4454785,-0.3416629,-0.4718173
11.14,0.4449275,-0.3421535,-0.4709854
11.16,0.4444928,-0.3426732,-0.4701057
11.18,0.4441607,-0.3432208,-0.4691774
11.2,0.4439232,-0.3437938,-0.4682009
11.22,0.4438036,-0.3443944,-0.4671708
11.24,0.443794,-0.3450258,-0.4660378
11.26,0.4438472,-0.3456659,-0.464965
11.28,0.4439868,-0.3463291,-0.4638216
11.3,0.4441988,-0.3470086,-0.4626465
11.32,0.4445202,-0.3477058,-0.4614236
11.34,0.444927,-0.3484141,-0.4601875
11.36,0.4454128,-0.3491367,-0.4588762
11.38,0.4459648,-0.3498675,-0.4575416
11.4,0.446582,-0.3506056,-0.4561689
11.42,0.4472932,-0.3513505,-0.4547554
11.44,0.4480818,-0.3520988,-0.4533136
11.46,0.4489387,-0.3528477,-0.4518345
11.48,0.4498748,-0.3536076,-0.4501519
11.5,0.4508731,-0.354354,-0.4485915
11.52,0.4519309,-0.3550952,-0.4470343
11.54,0.4530414,-0.3558281,-0.4454524
11.56,0.4541968,-0.3565527,-0.4438502
11.58,0.4553897,-0.3572665,-0.4422307
11.6,0.4566408,-0.357969,-0.4406157
11.62,0.4579352,-0.3586563,-0.4389818
11.64,0.459262,-0.3593288,-0.4373398
11.66,0.460625,-0.3599857,-0.4355753
11.68,0.4620002,-0.360623,-0.4339005
11.7,0.4633876,-0.3612409,-0.4322613
11.72,0.4648114,-0.3618375,-0.4306509
11.74,0.466262,-0.3624131,-0.4290342
11.76,0.4677322,-0.3629648,-0.4274132
11.78,0.4692079,-0.363494,-0.4257974
11.8,0.4706884,-0.3639984,-0.4241937
11.82,0.4721906,-0.3644786,-0.4226368
11.84,0.4736935,-0.3649406,-0.4218536
11.86,0.4753445,-0.3652769,-0.4206109
11.88,0.4769728,-0.365573,-0.4193856
11.9,0.4785701,-0.3658542,-0.4181733
11.92,0.4801642,-0.3661267,-0.4169959
11.94,0.4817363,-0.3663898,-0.4158483
11.96,0.483285,-0.366641,-0.414735
11.98,0.4848135,-0.3668803,-0.4136613
12,0.4863175,-0.3671061,-0.4126248
12.02,0.487817,-0.3673195,-0.4116407
12.04,0.4893045,-0.3675194,-0.4107034
12.06,0.4907747,-0.367706,-0.409812
12.08,0.4922257,-0.3678797,-0.4089636
12.1,0.4936533,-0.3680401,-0.4081565
12.12,0.4950733,-0.3681873,-0.4074018
12.14,0.4964764,-0.3683216,-0.4066926
12.16,0.4978576,-0.3684432,-0.4060262
12.18,0.499218,-0.3685522,-0.4054037
12.2,0.5005652,-0.3686474,-0.4048299
12.22,0.501894,-0.3687305,-0.4043042
12.24,0.5032039,-0.3688014,-0.4038222
12.26,0.5044907,-0.3688605,-0.4033821
12.28,0.5058164,-0.3690604,-0.4040493
12.3,0.5071325,-0.3692871,-0.405151
12.32,0.5084577,-0.3695903,-0.4069652
12.34,0.5098907,-0.3698224,-0.4086038
12.36,0.5113357,-0.3699576,-0.4098213
12.38,0.5127901,-0.3700436,-0.4108658
12.4,0.5143291,-0.3701997,-0.4124926
12.42,0.5157302,-0.3702773,-0.4137692
12.44,0.5170316,-0.3702984,-0.4148054
12.46,0.5184127,-0.3703803,-0.4163841
12.48,0.5197521,-0.3703682,-0.4175575
12.5,0.52109,-0.3703253,-0.4186917
12.52,0.5224176,-0.3702515,-0.4197867
12.54,0.5237259,-0.3701398,-0.4207926
12.56,0.5250309,-0.3700055,-0.421812
12.58,0.5264001,-0.3697867,-0.4226689
12.6,0.5280109,-0.3694589,-0.4231532
12.62,0.5295088,-0.3691243,-0.4236261
12.64,0.5307336,-0.3687834,-0.4240147
12.66,0.5318536,-0.3684359,-0.4243982
12.68,0.5329306,-0.3680814,-0.4248052
12.7,0.5339602,-0.3677198,-0.4252367
12.72,0.5349312,-0.3673512,-0.4256896
12.74,0.535853,-0.3669749,-0.4261676
12.76,0.5367289,-0.3665904,-0.4266725
12.78,0.5375488,-0.3661976,-0.4272014
12.8,0.5383262,-0.3657958,-0.4277592
12.82,0.5390537,-0.3653846,-0.4283426
12.84,0.5397402,-0.3649627,-0.4289565
12.86,0.5403941,-0.3645315,-0.4296026
12.88,0.5410136,-0.3640902,-0.430279
12.9,0.5415639,-0.3636383,-0.4309725
12.92,0.5420381,-0.363176,-0.4316794
12.94,0.5424515,-0.3627029,-0.4324053
12.96,0.5428118,-0.3622186,-0.4331522
12.98,0.5431308,-0.3617234,-0.4339232
13,0.543407,-0.3612168,-0.4347193
13.02,0.5436083,-0.3606987,-0.4355239
13.04,0.5437475,-0.360169,-0.4363428
13.06,0.5438318,-0.3596279,-0.4371765
13.08,0.5438845,-0.3590755,-0.4380328
13.1,0.5438758,-0.3585117,-0.4388993
13.12,0.5437632,-0.3579372,-0.4397577
13.14,0.5435796,-0.3573515,-0.4406189
13.16,0.5433319,-0.3567543,-0.4414834
13.18,0.5430228,-0.356147,-0.4423516
13.2,0.5426559,-0.3555286,-0.4432226
13.22,0.5422062,-0.3549011,-0.4440837
13.24,0.5416886,-0.3542647,-0.4449531
13.26,0.54112,-0.3536262,-0.445879
13.27999,0.5405025,-0.3529845,-0.4468641
13.3,0.5398371,-0.3523395,-0.4479086
13.31999,0.5391083,-0.3516964,-0.4490594
13.34,0.5383201,-0.3510486,-0.4502557
13.35999,0.5374787,-0.3503959,-0.4514981
13.38,0.5365857,-0.3497384,-0.4527867
13.39999,0.5356272,-0.3490798,-0.4541726
13.42,0.5346079,-0.3484152,-0.455592
13.43999,0.5335429,-0.3477437,-0.457041
13.46,0.5324234,-0.3470663,-0.4585265
13.47999,0.5312506,-0.3463829,-0.4600382
13.5,0.5299825,-0.3457078,-0.4615765
13.51999,0.5285377,-0.3452018,-0.4627747
13.54,0.527011,-0.3447635,-0.4638221
13.56,0.5254505,-0.3443401,-0.4648492
13.58,0.5239081,-0.343921,-0.4658935
13.6,0.5223666,-0.3435058,-0.4669588
13.62,0.5207961,-0.3431002,-0.4680795
13.64,0.5191962,-0.3427042,-0.469189
13.66,0.517574,-0.3423188,-0.4702837
13.68,0.5159334,-0.3419445,-0.4713594
13.7,0.5142778,-0.3415827,-0.472416
13.72,0.5125907,-0.3412309,-0.4735019
13.74,0.5108809,-0.3408926,-0.4745525
13.76,0.509158,-0.3405689,-0.4755577
13.77999,0.507426,-0.3402614,-0.4765258
13.8,0.5056873,-0.3399705,-0.4774545
13.81999,0.5039356,-0.3396952,-0.478377
13.84,0.5021748,-0.3394404,-0.4792455
13.85999,0.5004097,-0.339207,-0.4800585
13.88,0.4986449,-0.3389973,-0.4808108
13.89999,0.4968756,-0.3388106,-0.4815247
13.92,0.4951098,-0.3386498,-0.4821711
13.93999,0.4933521,-0.3385173,-0.4827473
13.96,0.4916081,-0.3384146,-0.4832504
13.97999,0.4898817,-0.3383432,-0.4836755
14,0.4882342,-0.3382922,-0.4840896
14.01999,0.4866644,-0.3382204,-0.4845517
14.04,0.4850388,-0.3381298,-0.4849785
14.05999,0.4833445,-0.3380491,-0.4852982
14.08,0.4816237,-0.3380015,-0.4854937
14.09999,0.479874,-0.3379864,-0.4855725
14.12,0.4780936,-0.3380007,-0.4855269
14.13999,0.4763001,-0.3380549,-0.4853485
14.16,0.4745739,-0.3381518,-0.4850847
14.17999,0.4730849,-0.3383034,-0.4848084
14.2,0.4716012,-0.3385039,-0.4843889
14.21999,0.470127,-0.3387434,-0.4836354
14.24,0.4686198,-0.3389982,-0.4822629
14.25999,0.4669493,-0.3392807,-0.4806076
14.27999,0.4650357,-0.3391471,-0.4822809
14.29999,0.463859,-0.3396626,-0.479245
14.31999,0.4627153,-0.3398913,-0.4787455
14.34,0.4619072,-0.3402753,-0.4773439
14.35999,0.4609408,-0.3404773,-0.4775457
14.38,0.4600921,-0.3408259,-0.4767024
14.39999,0.4592987,-0.3412045,-0.4757823
14.42,0.4585316,-0.3415841,-0.4750199
14.43999,0.4577572,-0.341942,-0.4745829
14.46,0.4570668,-0.3424873,-0.4726367
14.47999,0.4566343,-0.3431132,-0.470252
14.5,0.4562462,-0.3435995,-0.4693503
14.51999,0.4559016,-0.3440925,-0.4685615
14.54,0.4556138,-0.3446094,-0.4677033
14.55999,0.4553827,-0.3451625,-0.4666392
14.58,0.4552497,-0.3457917,-0.4649351
14.59999,0.4551945,-0.3464152,-0.4634536
14.62,0.4552146,-0.3470356,-0.4621572
14.63999,0.4553137,-0.3476636,-0.4609114
14.66,0.4554822,-0.3483068,-0.4596097
14.67999,0.4557217,-0.3489631,-0.4582522
14.7,0.4560515,-0.3496293,-0.4568629
14.71999,0.4564577,-0.350304,-0.4554367
14.74,0.4569353,-0.3509847,-0.4539798
14.75999,0.4574754,-0.351669,-0.452486
14.77999,0.4580705,-0.3523539,-0.4509802
14.79999,0.458717,-0.35304,-0.4494202
14.81999,0.4594409,-0.3537233,-0.4478594
14.83999,0.4602286,-0.3544029,-0.4462669
14.85999,0.4610696,-0.3550787,-0.4446457
14.87999,0.4619578,-0.355747,-0.4430094
14.89999,0.4628806,-0.3564069,-0.4413542
14.91999,0.4638683,-0.3570563,-0.4397361
14.93999,0.4649075,-0.357695,-0.4381029
14.95999,0.4659846,-0.3583201,-0.4364395
14.97999,0.4670947,-0.3589312,-0.4347469
14.99999,0.4682523,-0.3595273,-0.433113
15.01999,0.4694463,-0.3601063,-0.4314924
15.03999,0.4706641,-0.3606676,-0.4298622
15.05999,0.471902,-0.36121,-0.4282406
15.07999,0.4731523,-0.3617322,-0.4266272
15.09999,0.4744369,-0.3622363,-0.425074
15.12,0.4757641,-0.3627016,-0.4237269
15.13999,0.4771976,-0.3630572,-0.4224138
15.16,0.4786186,-0.3633813,-0.4211291
15.17999,0.4800185,-0.3636948,-0.4198598
15.2,0.4813898,-0.3640002,-0.4186049
15.21999,0.4827642,-0.3642969,-0.4173915
15.24,0.4841357,-0.364585,-0.4162187
15.25999,0.4854944,-0.3648623,-0.4150819
15.27999,0.4868395,-0.3651294,-0.4139808
15.29999,0.4881677,-0.365385,-0.4129148
15.31999,0.4894992,-0.3656297,-0.411898
15.33999,0.490824,-0.365862,-0.4109243
15.35999,0.4921342,-0.3660827,-0.4099895
15.37999,0.4934306,-0.3662926,-0.4090952
15.39999,0.4947111,-0.3664889,-0.4082402
15.41999,0.4959891,-0.3666747,-0.4074334
15.43999,0.4972584,-0.3668482,-0.4066717
15.45999,0.4985108,-0.3670099,-0.40595
15.47999,0.4997465,-0.3671595,-0.4052683
15.49999,0.5009648,-0.3672975,-0.4046267
15.51999,0.502173,-0.3674235,-0.40403
15.53999,0.5033697,-0.3675376,-0.4034773
15.55999,0.5045494,-0.3676413,-0.4029663
15.57999,0.5057698,-0.3679739,-0.4038656
15.59999,0.5069973,-0.3682669,-0.4049235
15.61999,0.5081842,-0.3684953,-0.4058804
15.63999,0.5096965,-0.3691951,-0.4099863
15.65999,0.5109552,-0.3692986,-0.4107406
15.67999,0.5123365,-0.3695226,-0.412242
15.69999,0.5133333,-0.3696505,-0.4130812
15.71999,0.5146165,-0.3698643,-0.4147804
15.73999,0.5158596,-0.3699928,-0.4161475
15.75999,0.5170883,-0.3699905,-0.4168392
15.77999,0.5184215,-0.3700161,-0.417899
15.79999,0.5198199,-0.3700242,-0.419041
15.81999,0.5212037,-0.3699676,-0.4199292
15.83999,0.5225906,-0.3698886,-0.4208173
15.85999,0.5242403,-0.3699123,-0.4226488
15.87999,0.5255645,-0.3698069,-0.423673
15.89999,0.5268211,-0.369678,-0.4246716
15.91999,0.5280359,-0.3695331,-0.4256843
15.93999,0.5291895,-0.3693364,-0.4264978
15.95999,0.5303115,-0.3691149,-0.4272821
15.97999,0.5313967,-0.3688631,-0.4279993
15.99999,0.5326656,-0.368498,-0.4283517
16.01999,0.5339159,-0.3681124,-0.4287974
16.04,0.5352639,-0.3677185,-0.4293236
16.05999,0.5363,-0.3673193,-0.4297709
16.07999,0.5372029,-0.3669128,-0.4302059
16.09999,0.5380439,-0.3664994,-0.4306539
16.12,0.5388111,-0.366078,-0.4311168
16.13999,0.53952,-0.3656493,-0.4316016
16.15999,0.5401747,-0.3652118,-0.4321097
16.17999,0.5407799,-0.364765,-0.4326452
16.2,0.5413393,-0.3643099,-0.433208
16.21999,0.5418274,-0.3638452,-0.4337879
16.23999,0.5422599,-0.3633702,-0.43439
16.25999,0.5426344,-0.3628856,-0.4350137
16.27999,0.5429588,-0.3623902,-0.4356622
16.29999,0.5432326,-0.3618849,-0.4363337
16.31999,0.5434305,-0.3613676,-0.4370177
16.33999,0.5435622,-0.3608403,-0.4377156
16.35999,0.5436376,-0.360302,-0.4384323
16.37999,0.5436567,-0.3597525,-0.4391659
16.39999,0.5435911,-0.3591919,-0.4399039
16.41999,0.5434514,-0.3586201,-0.440648
16.43999,0.5432473,-0.3580377,-0.441402
16.45999,0.5429936,-0.357444,-0.4421696
16.47999,0.5426906,-0.35684,-0.4429494
16.49999,0.5423267,-0.3562247,-0.4437355
16.51999,0.5418788,-0.3556001,-0.4445162
16.53999,0.5413597,-0.3549648,-0.4452941
16.55999,0.5407743,-0.3543209,-0.4460681
16.57999,0.5401362,-0.353668,-0.4468572
16.59999,0.5394558,-0.353013,-0.4477061
16.61999,0.5387146,-0.3523605,-0.4486699
16.63999,0.5379116,-0.351705,-0.4496906
16.65999,0.5370629,-0.351044,-0.4507563
16.67999,0.5361642,-0.3503789,-0.4518775
16.69999,0.5351977,-0.3497138,-0.4531001
16.71999,0.5341689,-0.349043,-0.4543638
16.73999,0.5330837,-0.348367,-0.4556685
16.75999,0.5319477,-0.3476843,-0.4570011
16.77999,0.5307326,-0.3470038,-0.458337
16.79999,0.5293241,-0.3464916,-0.4593906
16.81999,0.5278063,-0.3460291,-0.4603164
16.83999,0.5262788,-0.3455806,-0.4612572
16.85999,0.524758,-0.3451362,-0.4622252
16.87999,0.5232212,-0.3446997,-0.4631989
16.89999,0.5216486,-0.3442731,-0.464238
16.91999,0.5200412,-0.3438553,-0.4652772
16.93999,0.5184063,-0.3434463,-0.4663088
16.95999,0.5167516,-0.343047,-0.4673248
16.97999,0.5150807,-0.342658,-0.4683301
16.99999,0.5133749,-0.342278,-0.4693815
17.01999,0.5116429,-0.3419093,-0.4704042
17.03999,0.5098904,-0.3415522,-0.4714083
17.05999,0.5081285,-0.3412075,-0.4723803
17.07999,0.5063537,-0.3408769,-0.4733256
17.09999,0.5045705,-0.3405626,-0.4742303
17.11999,0.5027673,-0.3402634,-0.4751399
17.13999,0.5009525,-0.3399811,-0.4760036
17.15999,0.4991306,-0.3397178,-0.4768226
17.17999,0.4973091,-0.3394752,-0.4775853
17.19999,0.4954924,-0.3392553,-0.4782906
17.21999,0.4936715,-0.3390565,-0.4789698
17.23999,0.4918849,-0.3388605,-0.4796515
17.25999,0.4901215,-0.3386383,-0.480365
17.27999,0.4884583,-0.3384058,-0.4811045
17.29999,0.4867028,-0.3381761,-0.4817467
17.31999,0.4851655,-0.337959,-0.482411
17.33999,0.4834687,-0.3377673,-0.4829111
17.35999,0.4816026,-0.3376064,-0.4832168
17.37999,0.4798794,-0.3374841,-0.4834781
17.39999,0.4783223,-0.3374071,-0.4837206
17.41999,0.4767262,-0.3373671,-0.4838502
17.43999,0.4751154,-0.3373596,-0.4838792
17.45999,0.4735025,-0.337383,-0.4838185
17.47999,0.4718659,-0.3374332,-0.4837032
17.49999,0.4702377,-0.3375202,-0.4834712
17.51999,0.4686307,-0.3376459,-0.4831355
17.53999,0.4670557,-0.3378127,-0.4826852
17.55999,0.4655159,-0.338022,-0.4821296
17.57999,0.4640138,-0.338274,-0.4814667
17.59999,0.4625636,-0.3385767,-0.4806519
17.61999,0.461153,-0.3389235,-0.4797283
17.63999,0.4597905,-0.3393162,-0.4786779
17.65999,0.4581452,-0.3396977,-0.4774711
17.67999,0.4566682,-0.3399499,-0.4768631
17.69999,0.4551132,-0.3401083,-0.4769441
17.71999,0.4539684,-0.340444,-0.4759359
17.73999,0.452908,-0.3407441,-0.4753901
17.75999,0.4521164,-0.3411436,-0.4743365
17.77999,0.4514012,-0.3415351,-0.4735457
17.79999,0.4507764,-0.3419609,-0.4726489
17.81999,0.4502644,-0.3424223,-0.4716682
17.83999,0.4498488,-0.3429101,-0.4706501
17.85999,0.4495212,-0.3434229,-0.4695956
17.87999,0.4492866,-0.3439727,-0.4684038
17.89999,0.4491398,-0.3445343,-0.4672844
17.91999,0.4490807,-0.3451142,-0.4661551
17.93999,0.4490992,-0.3457122,-0.4650013
17.95999,0.4491984,-0.3463314,-0.463787
17.97999,0.4493649,-0.3469654,-0.4625476
17.99999,0.4496349,-0.3476165,-0.4612705
18.01999,0.4499899,-0.3482803,-0.4599737
18.03999,0.4504166,-0.3489554,-0.458644
18.05999,0.4509166,-0.3496409,-0.4572749
18.07999,0.4514814,-0.3503338,-0.4558695
18.09999,0.4521388,-0.3510334,-0.4544306
18.11999,0.4528723,-0.3517368,-0.4529585
18.13999,0.4536719,-0.3524446,-0.4513946
18.15999,0.4545175,-0.3531493,-0.4498505
18.17999,0.4554084,-0.3538485,-0.4483436
18.19999,0.4563762,-0.3545432,-0.4468347
18.21999,0.4574037,-0.3552327,-0.4453021
18.23999,0.4584741,-0.3559161,-0.4437503
18.25999,0.4595813,-0.3565897,-0.4421867
18.27999,0.4607236,-0.3572533,-0.4406148
18.29999,0.4619219,-0.3579049,-0.4390539
18.31999,0.4631629,-0.3585425,-0.4374792
18.33999,0.4644529,-0.3591669,-0.4357245
18.35999,0.4657572,-0.3597739,-0.4340925
18.37999,0.4670742,-0.3603631,-0.4324845
18.39999,0.468431,-0.3609337,-0.4309253
18.41999,0.469814,-0.3614839,-0.4293542
18.43999,0.471212,-0.3620124,-0.4277664
18.45999,0.472617,-0.3625197,-0.4261909
18.47999,0.4740559,-0.3630166,-0.4251017
18.49999,0.4755586,-0.363438,-0.4248784
18.51999,0.4771561,-0.3637657,-0.4236795
18.53999,0.4787031,-0.3640794,-0.4224132
18.55999,0.4802264,-0.3643855,-0.4211644
18.57999,0.4817175,-0.3646818,-0.4199361
18.59999,0.48321,-0.364967,-0.4187551
18.61999,0.4846905,-0.3652407,-0.4176155
18.63999,0.4861564,-0.3655022,-0.4165153
18.65999,0.4876019,-0.3657521,-0.4154514
18.67999,0.4890274,-0.3659896,-0.414425
18.69999,0.490452,-0.3662146,-0.4134488
18.71999,0.4918651,-0.3664268,-0.4125188
18.73999,0.4932601,-0.3666262,-0.4116294
18.75999,0.4946363,-0.3668132,-0.4107811
18.77999,0.4959918,-0.3669874,-0.4099727
18.79999,0.4973369,-0.3671493,-0.4092093
18.81999,0.4986666,-0.3672976,-0.4084914
18.83999,0.4999787,-0.3674336,-0.4078186
18.85999,0.5012702,-0.3675573,-0.4071873
18.87999,0.5025412,-0.3676686,-0.4065973
18.89999,0.5037985,-0.3677673,-0.4060529
18.91999,0.505092,-0.3680776,-0.4069312
18.93999,0.5063847,-0.3683481,-0.4079553
18.95999,0.5076536,-0.3687395,-0.409977
18.97999,0.5089827,-0.3691169,-0.4122171
18.99999,0.5103388,-0.369268,-0.4132445
19.01999,0.511724,-0.3693803,-0.4141206
19.03999,0.5131605,-0.3694911,-0.4151346
19.05999,0.5147126,-0.3696588,-0.4167455
19.07999,0.5160942,-0.3697746,-0.4181139
19.09999,0.5174857,-0.3698615,-0.4194862
19.11999,0.5188577,-0.3698924,-0.4206626
19.13999,0.5202173,-0.3698933,-0.4217895
19.15999,0.521566,-0.3698641,-0.4228736
19.17999,0.5229024,-0.3698052,-0.4239204
19.19999,0.524219,-0.3697169,-0.4249245
19.21999,0.525516,-0.3695999,-0.4258986
19.23999,0.526792,-0.369456,-0.426841
19.25999,0.5280378,-0.3692785,-0.4277093
19.27999,0.5293952,-0.3690065,-0.4283632
19.29999,0.531068,-0.368659,-0.4288142
19.31999,0.5323182,-0.3683053,-0.4291444
19.33999,0.5334437,-0.3679443,-0.4294538
19.35999,0.5344969,-0.367578,-0.4297751
19.37999,0.5354849,-0.3672046,-0.4301138
19.39999,0.5364003,-0.3668237,-0.4304686
19.41999,0.5372585,-0.3664348,-0.4308472
19.43999,0.5380648,-0.3660377,-0.4312524
19.45999,0.5388255,-0.3656325,-0.4316864
19.47999,0.5395426,-0.3652186,-0.432151
19.49999,0.5402145,-0.3647958,-0.4326452
19.51999,0.5408244,-0.364363,-0.4331613
19.53999,0.5413776,-0.363921,-0.4337013
19.55999,0.5418822,-0.3634692,-0.4342682
19.57999,0.5423392,-0.3630067,-0.4348618
19.59999,0.5427483,-0.3625343,-0.435482
19.61999,0.5430878,-0.3620505,-0.4361191
19.63999,0.5433656,-0.3615568,-0.4367737
19.65999,0.5435882,-0.3610512,-0.4374499
19.67999,0.5437531,-0.3605354,-0.4381445
19.69999,0.5438399,-0.3600085,-0.4388483
19.71999,0.5438598,-0.3594703,-0.4395639
19.73999,0.5438161,-0.3589208,-0.440293
19.75999,0.5437204,-0.3583606,-0.4410369
19.77999,0.5435786,-0.3577891,-0.4417976
19.79999,0.5433472,-0.3572073,-0.4425565
19.81999,0.5430402,-0.3566148,-0.4433164
19.83999,0.542666,-0.3560117,-0.4440789
19.85999,0.5422342,-0.3553989,-0.4448461
19.87999,0.5417492,-0.3547758,-0.4456179
19.89999,0.541208,-0.3541436,-0.4463911
19.91999,0.5405955,-0.3535103,-0.4472325
19.93999,0.5399255,-0.3528728,-0.4481209
19.95999,0.5392076,-0.3522317,-0.4490623
19.97999,0.5384395,-0.351588,-0.4500706
19.99999,0.537605,-0.3509458,-0.4511858
20.01999,0.5367116,-0.3502971,-0.4523385
20.03999,0.535767,-0.3496443,-0.453534
20.05999,0.5347674,-0.348988,-0.4547919
20.07999,0.5337234,-0.3483237,-0.4560663
20.09999,0.5326186,-0.3476582,-0.4574403
20.11999,0.5314521,-0.346987,-0.4588588
20.13999,0.5301726,-0.346377,-0.4601299
20.15999,0.5287274,-0.3459031,-0.461109
20.17999,0.5272096,-0.345472,-0.4620122
20.19999,0.5256872,-0.3450554,-0.4629874
20.21999,0.5241429,-0.344642,-0.4639908
20.23999,0.522581,-0.3442363,-0.4649947
20.25999,0.5210022,-0.3438387,-0.4659941
20.27999,0.5194054,-0.3434516,-0.4670021
20.29999,0.5177776,-0.343073,-0.4680437
20.31999,0.5161179,-0.3427044,-0.4690928
20.33999,0.5144381,-0.3423459,-0.4701075
20.35999,0.5127448,-0.3419993,-0.4711009
20.37999,0.5110387,-0.341665,-0.4720792
20.39999,0.5093198,-0.3413429,-0.4730349
20.41999,0.5075809,-0.3410321,-0.4740086
20.43999,0.5058236,-0.3407367,-0.4749414
20.45999,0.504057,-0.3404594,-0.4758238
20.47999,0.5022852,-0.3401994,-0.4766657
20.49999,0.500499,-0.3399557,-0.4774977
20.51999,0.4987053,-0.3397324,-0.4782808
20.53999,0.4969122,-0.3395316,-0.4789979
20.55999,0.4951251,-0.3393547,-0.4796583
20.57999,0.4933906,-0.3391926,-0.4802978
20.59999,0.4916795,-0.3390061,-0.4809767
20.61999,0.4900663,-0.3388015,-0.4817153
20.63999,0.488338,-0.3385961,-0.4823753
20.65999,0.4868286,-0.3384006,-0.4830823
20.67999,0.4851611,-0.3382275,-0.4836279
20.69999,0.4835104,-0.338095,-0.4840755
20.71999,0.4818387,-0.3380049,-0.4844038
20.73999,0.4801603,-0.3379555,-0.4846182
20.75999,0.4784814,-0.3379427,-0.4847279
20.77999,0.4768082,-0.3379651,-0.484734
20.79999,0.475145,-0.3380235,-0.4846371
20.81999,0.4735003,-0.3381216,-0.4844218
20.83999,0.4718779,-0.3382591,-0.4840975
20.85999,0.4702809,-0.3384388,-0.4836637
20.87999,0.4687146,-0.3386611,-0.483117
20.89999,0.4671905,-0.3389307,-0.4824356
20.91999,0.4657072,-0.3392439,-0.4816425
20.93999,0.4641626,-0.3396125,-0.4803801
20.95999,0.4618637,-0.3396979,-0.4802825
20.97999,0.4606093,-0.3400384,-0.478846
20.99999,0.4592048,-0.3400237,-0.4802123
21.01999,0.4581662,-0.3403841,-0.4788697
21.03999,0.457123,-0.3408121,-0.4771146
21.05999,0.4557015,-0.3408692,-0.4782037
21.07999,0.455022,-0.3414349,-0.4758134
21.09999,0.4543422,-0.341761,-0.4755141
21.11999,0.4539501,-0.3422065,-0.4745735
21.13999,0.4534533,-0.3425435,-0.4746047
21.15999,0.4530804,-0.3429911,-0.4739043
21.17999,0.4527507,-0.343458,-0.4731859
21.19999,0.4524624,-0.3439395,-0.47249
21.21999,0.4523527,-0.3445905,-0.4705037
21.23999,0.4523501,-0.3452058,-0.4690242
21.25999,0.4524124,-0.3457884,-0.4679756
21.27999,0.4524983,-0.3463648,-0.4671066
21.29999,0.4526739,-0.3469797,-0.4659998
21.31999,0.4529635,-0.3476506,-0.4644587
21.33999,0.4533137,-0.3483117,-0.4631256
21.35999,0.4537066,-0.3489678,-0.4619306
21.37999,0.454173,-0.349641,-0.4606238
21.39999,0.4547285,-0.3503246,-0.459278
21.41999,0.4553609,-0.3510149,-0.4578957
21.43999,0.4560612,-0.35171,-0.4564742
21.45999,0.4568191,-0.3524074,-0.4550142
21.47999,0.4576391,-0.3531105,-0.4534321
21.49999,0.4585236,-0.3538078,-0.4519093
21.51999,0.4594683,-0.3545009,-0.4503738
21.53999,0.4604652,-0.3551888,-0.4488132
21.55999,0.4615011,-0.3558703,-0.4472258
21.57999,0.4625737,-0.3565431,-0.4456268
21.59999,0.4637001,-0.357206,-0.4440412
21.61999,0.4648694,-0.3578574,-0.4424326
21.63999,0.4660736,-0.3584955,-0.4408082
21.65999,0.4673083,-0.3591195,-0.4391861
21.67999,0.4685659,-0.3597267,-0.4374839
21.69999,0.4698611,-0.3603176,-0.4358548
21.71999,0.4711851,-0.3608905,-0.4342613
21.73999,0.4725324,-0.3614437,-0.4326704
21.75999,0.4738904,-0.361976,-0.4310731
21.77999,0.475257,-0.3624879,-0.42949
21.79999,0.4766924,-0.3629411,-0.4286964
21.81999,0.478222,-0.3632934,-0.4273581
21.83999,0.479756,-0.3636231,-0.4260233
21.85999,0.48125,-0.3639424,-0.4246964
21.87999,0.4827245,-0.3642533,-0.4233954
21.89999,0.4841954,-0.3645537,-0.4221357
21.91999,0.4856535,-0.3648432,-0.4209148
21.93999,0.4870959,-0.3651216,-0.4197312
21.95999,0.4885218,-0.3653878,-0.4185853
21.97999,0.4899281,-0.3656429,-0.417476
21.99999,0.4913341,-0.3658844,-0.416417
22.01999,0.4927303,-0.3661138,-0.4154039
22.03999,0.4941148,-0.3663313,-0.4144335
22.05999,0.4954806,-0.3665355,-0.4135034
22.07999,0.4968207,-0.3667271,-0.4126079
22.09999,0.4981411,-0.3669064,-0.4117549
22.11999,0.4994577,-0.3670724,-0.4109527
22.13999,0.5007578,-0.3672262,-0.4101945
22.15999,0.50204,-0.3673674,-0.4094781
22.17999,0.5033035,-0.3674965,-0.4088046
22.19999,0.5045557,-0.3676127,-0.4081767
22.21999,0.505792,-0.3677175,-0.407593
22.23999,0.5070066,-0.3678098,-0.4070508
22.25999,0.5082017,-0.3678904,-0.4065495
22.27999,0.5094579,-0.3681099,-0.4071833
22.29999,0.5107303,-0.3683523,-0.4082622
22.31999,0.5119742,-0.3687069,-0.4101594
22.33999,0.5132719,-0.3690169,-0.4120603
22.35999,0.5146293,-0.3691548,-0.4131259
22.37999,0.516003,-0.3692348,-0.4139483
22.39999,0.5174779,-0.3693812,-0.4153195
22.41999,0.5188937,-0.3695429,-0.4169507
22.43999,0.5202292,-0.3695952,-0.4180523
22.45999,0.5214789,-0.3696253,-0.419089
22.47999,0.5227934,-0.3697059,-0.4206332
22.49999,0.524053,-0.3696889,-0.4217348
22.51999,0.5253046,-0.3696405,-0.4227927
22.53999,0.526549,-0.3695651,-0.4238247
22.55999,0.527784,-0.3694605,-0.4248298
22.57999,0.5290035,-0.369327,-0.4258066
22.59999,0.5301946,-0.3691649,-0.4267427
22.61999,0.5313488,-0.3689686,-0.4275956
22.63999,0.5326226,-0.3686898,-0.4281254
22.65999,0.5337737,-0.367943,-0.4260968
22.67999,0.5349694,-0.3675877,-0.4265688
22.69999,0.5360225,-0.3672268,-0.4270256
22.71999,0.5370048,-0.3668576,-0.4274893
22.73999,0.5379163,-0.3664826,-0.427966
22.75999,0.5387661,-0.3660993,-0.4284599
22.77999,0.5395625,-0.3657083,-0.428975
22.79999,0.5402953,-0.3653091,-0.4295081
22.81999,0.540972,-0.3649007,-0.4300624
22.83999,0.5415981,-0.3644839,-0.4306398
22.85999,0.5421743,-0.3640567,-0.4312423
22.87999,0.542702,-0.3636205,-0.4318702
22.89999,0.5431598,-0.3631741,-0.4325126
22.91999,0.5435581,-0.3627169,-0.4331745
22.93999,0.5439011,-0.3622489,-0.4338562
22.95999,0.5441945,-0.36177,-0.4345616
22.97999,0.5444381,-0.36128,-0.4352887
22.99999,0.5446296,-0.3607785,-0.436036
23.01999,0.5447462,-0.3602657,-0.4367926
23.03999,0.5447944,-0.3597416,-0.4375601
23.05999,0.5447878,-0.359206,-0.4383431
23.07999,0.5447228,-0.3586587,-0.4391395
23.09999,0.5445849,-0.3580999,-0.4399409
23.11999,0.544379,-0.3575299,-0.4407476
23.13999,0.5440944,-0.3569489,-0.4415542
23.15999,0.5437493,-0.3563561,-0.4423667
23.17999,0.5433478,-0.3557532,-0.4431848
23.19999,0.5428899,-0.3551404,-0.4440062
23.21999,0.5423507,-0.3545161,-0.4448196
23.23999,0.5417452,-0.3538847,-0.4456377
23.25999,0.5410881,-0.3532496,-0.4465148
23.27999,0.5403827,-0.3526114,-0.4474509
23.29999,0.5396194,-0.3519748,-0.448489
23.31999,0.5387927,-0.3513348,-0.4495849
23.33999,0.5379127,-0.3506894,-0.4507224
23.35999,0.5369822,-0.3500392,-0.451913
23.37999,0.5360025,-0.3493836,-0.4531489
23.39999,0.5349612,-0.3487271,-0.4544771
23.41999,0.533858,-0.3480648,-0.4558544
23.43999,0.5327,-0.3473953,-0.4572556
23.45999,0.53145,-0.3467478,-0.4586154
23.47999,0.5300262,-0.3462562,-0.4596429
23.49999,0.5284969,-0.345818,-0.4606142
23.51999,0.5269549,-0.3453907,-0.461607
23.53999,0.5254149,-0.3449667,-0.4625995
23.55999,0.5238591,-0.3445497,-0.4636055
23.57999,0.5222873,-0.3441413,-0.4646142
23.59999,0.5206772,-0.3437424,-0.465689
23.61999,0.5190297,-0.3433526,-0.4667627
23.63999,0.5173602,-0.342971,-0.4678041
23.65999,0.515673,-0.3425995,-0.4688312
23.67999,0.5139536,-0.3422384,-0.4698941
23.69999,0.5122271,-0.3418891,-0.4708758
23.71999,0.5104772,-0.3415508,-0.4718895
23.73999,0.5087064,-0.3412241,-0.4728787
23.75999,0.5069253,-0.340912,-0.4738322
23.77999,0.505137,-0.3406155,-0.4747427
23.79999,0.5033268,-0.3403338,-0.4756549
23.81999,0.5015056,-0.340071,-0.4765148
23.83999,0.4996783,-0.3398272,-0.4773251
23.85999,0.4978515,-0.3396044,-0.4780788
23.87999,0.4960307,-0.3394042,-0.4787728
23.89999,0.4942645,-0.3392208,-0.4794469
23.91999,0.4925069,-0.3390091,-0.4801945
23.93999,0.4908476,-0.3387804,-0.4809773
23.95999,0.4890671,-0.3385478,-0.4816795
23.97999,0.4875204,-0.338325,-0.4824295
23.99999,0.4857926,-0.3381262,-0.4830194
24.01999,0.4838464,-0.3379553,-0.4834144
24.03999,0.4820787,-0.3378209,-0.4837823
24.05999,0.4804341,-0.3377361,-0.4841023
24.07999,0.4787421,-0.33769,-0.4842944
24.09999,0.4770375,-0.3376805,-0.4843665
24.11999,0.4753352,-0.3377077,-0.484329
24.13999,0.4736457,-0.3377726,-0.4841829
24.15999,0.471975,-0.3378765,-0.4839301
24.17999,0.4703293,-0.3380211,-0.4835678
24.19999,0.4687197,-0.3382114,-0.4830756
24.21999,0.4671467,-0.3384447,-0.4824711
24.23999,0.4656125,-0.3387233,-0.481755
24.25999,0.4641163,-0.339047,-0.4809232
24.27999,0.4624974,-0.3394137,-0.4796059
24.29999,0.460567,-0.3395355,-0.479573
24.31999,0.4591264,-0.3398057,-0.4786191
24.33999,0.457913,-0.3400906,-0.4778043
24.35999,0.4567886,-0.3403815,-0.4771266
24.37999,0.4557837,-0.3407297,-0.4761905
24.39999,0.4548937,-0.3411119,-0.4751846
24.41999,0.4541041,-0.3415213,-0.4741568
24.43999,0.453399,-0.3419566,-0.4731044
24.45999,0.452777,-0.3424175,-0.4720212
24.47999,0.4522354,-0.3429046,-0.4709053
24.49999,0.4517913,-0.3434161,-0.4697574
24.51999,0.4514458,-0.3439657,-0.4684559
24.53999,0.4511636,-0.3445199,-0.4672694
24.55999,0.4509562,-0.3450918,-0.4660794
24.57999,0.4508203,-0.3456854,-0.4648339
24.59999,0.4507532,-0.3462951,-0.4635707
24.61999,0.4507845,-0.346922,-0.4622786
24.63999,0.4509002,-0.3475637,-0.4609646
24.65999,0.4510884,-0.3482194,-0.4596216
24.67999,0.4513464,-0.348886,-0.4582434
24.69999,0.451676,-0.3495639,-0.4568323
24.71999,0.4520983,-0.3502505,-0.4553903
24.73999,0.4526014,-0.3509437,-0.453917
24.75999,0.4531779,-0.351642,-0.4524118
24.77999,0.4538217,-0.3523458,-0.4508002
24.79999,0.454548,-0.3530466,-0.4492345
24.81999,0.455346,-0.3537453,-0.4476568
24.83999,0.4561989,-0.35444,-0.4460456
24.85999,0.4570987,-0.35513,-0.4444187
24.87999,0.4580421,-0.355812,-0.44278
24.89999,0.4590471,-0.356485,-0.4411514
24.91999,0.4601055,-0.3571485,-0.4395073
24.93999,0.4612029,-0.3578004,-0.4378384
24.95999,0.4623367,-0.3584385,-0.4361726
24.97999,0.4635031,-0.3590619,-0.4344378
24.99999,0.4646866,-0.3596699,-0.432738
25.01999,0.4659128,-0.3602608,-0.4311152
25.03999,0.4671717,-0.3608336,-0.4295006
25.05999,0.4684522,-0.3613864,-0.4278677
25.07999,0.4697471,-0.361919,-0.4262366
25.09999,0.4710802,-0.362432,-0.424672
25.11999,0.4724524,-0.3629246,-0.423255
25.13999,0.4738802,-0.3633399,-0.4228212
25.15999,0.4754016,-0.3636711,-0.4215797
25.17999,0.4768729,-0.3639866,-0.4202815
25.19999,0.4783368,-0.3642956,-0.4190095
25.21999,0.4797882,-0.3645961,-0.4177702
25.23999,0.481229,-0.3648856,-0.4165688
25.25999,0.4826545,-0.3651648,-0.4154043
25.27999,0.4840599,-0.3654322,-0.4142734
25.29999,0.4854458,-0.3656894,-0.4131778
25.31999,0.4868321,-0.3659335,-0.4121317
25.33999,0.4882097,-0.3661658,-0.41113
25.35999,0.4895742,-0.3663858,-0.4101705
25.37999,0.4909212,-0.366594,-0.4092507
25.39999,0.492249,-0.3667901,-0.4083684
25.41999,0.4935774,-0.366973,-0.4075398
25.43999,0.4948927,-0.3671437,-0.406757
25.45999,0.4961932,-0.3673025,-0.4060174
25.47999,0.4974774,-0.3674484,-0.4053208
25.49999,0.4987421,-0.3675829,-0.4046642
25.51999,0.4999977,-0.367705,-0.4040551
25.53999,0.5012376,-0.3678155,-0.4034896
25.55999,0.5024595,-0.3679141,-0.4029662
25.57999,0.5036624,-0.3680008,-0.4024839
25.59999,0.5049108,-0.3682493,-0.4031915
25.61999,0.5061668,-0.3685049,-0.4042688
25.63999,0.507358,-0.3687989,-0.4057276
25.65999,0.5088152,-0.3691974,-0.4081587
25.67999,0.5100235,-0.3692681,-0.4086849
25.69999,0.5114492,-0.3696525,-0.4112605
25.71999,0.5127674,-0.3697407,-0.4122325
25.73999,0.5141687,-0.3699234,-0.4139377
25.75999,0.5152445,-0.369918,-0.4144816
25.77999,0.5165637,-0.3700177,-0.4159431
25.79999,0.5178748,-0.3700264,-0.4170101
25.81999,0.5191967,-0.3700078,-0.4180663
25.83999,0.5205279,-0.3699673,-0.4191498
25.85999,0.5218534,-0.3698993,-0.4202194
25.87999,0.5231646,-0.3698052,-0.4212683
25.89999,0.5244488,-0.3696826,-0.422286
25.91999,0.5257038,-0.3695334,-0.4232759
25.93999,0.5269237,-0.3693551,-0.4242208
25.95999,0.5282497,-0.3690569,-0.4247794
25.97999,0.5298362,-0.3687049,-0.4253055
25.99999,0.5310836,-0.3683484,-0.4257413
26.01999,0.5321497,-0.3679838,-0.4261338
26.03999,0.5331658,-0.3676122,-0.4265417
26.05999,0.5341193,-0.3672341,-0.426968
26.07999,0.535018,-0.366848,-0.4274161
26.09999,0.5358524,-0.3664542,-0.4278834
26.11999,0.5366303,-0.3660519,-0.4283722
26.13999,0.537356,-0.3656417,-0.4288865
26.15999,0.5380374,-0.3652225,-0.429429
26.17999,0.5386767,-0.3647928,-0.4300008
26.19999,0.5392475,-0.3643545,-0.4305906
26.21999,0.5397596,-0.3639064,-0.4312015
26.23999,0.5402233,-0.3634477,-0.4318386
26.25999,0.5406408,-0.3629788,-0.4325014
26.27999,0.5410079,-0.3624981,-0.4331883
26.29999,0.5413044,-0.3620068,-0.43389
26.31999,0.5415379,-0.3615051,-0.4346077
26.33999,0.5417108,-0.3609917,-0.435342
26.35999,0.54183,-0.3604665,-0.4360954
26.37999,0.5418978,-0.3599305,-0.4368677
26.39999,0.5419123,-0.3593828,-0.4376568
26.41999,0.541842,-0.3588237,-0.4384475
26.43999,0.5417156,-0.3582534,-0.4392496
26.45999,0.5415366,-0.3576718,-0.4400643
26.47999,0.541266,-0.3570793,-0.440873
26.49999,0.5409194,-0.3564763,-0.4416799
26.51999,0.5405035,-0.3558619,-0.4424872
26.53999,0.5400229,-0.3552386,-0.4432937
26.55999,0.5394868,-0.3546042,-0.4441018
26.57999,0.5389011,-0.3539623,-0.4449228
26.59999,0.5382566,-0.353322,-0.4458501
26.61999,0.5375555,-0.3526797,-0.4468341
26.63999,0.5368037,-0.3520329,-0.4478765
26.65999,0.5360007,-0.3513826,-0.4489748
26.67999,0.5351536,-0.350727,-0.4501148
26.69999,0.5342442,-0.3500716,-0.4513596
26.71999,0.5332751,-0.3494101,-0.452651
26.73999,0.532251,-0.3487437,-0.4539859
26.75999,0.5311732,-0.3480717,-0.4553614
26.77999,0.5300465,-0.347393,-0.4567658
26.79999,0.5288067,-0.3467534,-0.4581494
26.81999,0.527387,-0.3462665,-0.4592116
26.83999,0.5258693,-0.3458265,-0.4601549
26.85999,0.524359,-0.3453987,-0.4610999
26.87999,0.5228614,-0.3449751,-0.4620784
26.89999,0.5213294,-0.3445593,-0.4631363
26.91999,0.5197643,-0.3441522,-0.4641936
26.93999,0.5181729,-0.3437545,-0.4652447
26.95999,0.5165637,-0.3433647,-0.466277
26.97999,0.5149395,-0.3429859,-0.4672989
26.99999,0.513281,-0.3426157,-0.4683749
27.01999,0.5115938,-0.3422563,-0.4694275
27.03999,0.50989,-0.3419086,-0.470444
27.05999,0.5081742,-0.3415729,-0.4714351
27.07999,0.5064525,-0.3412501,-0.4724014
27.09999,0.5047062,-0.3409404,-0.4733784
27.11999,0.5029438,-0.3406464,-0.4743109
27.13999,0.5011719,-0.3403704,-0.4751994
27.15999,0.4993961,-0.3401127,-0.4760421
27.17999,0.4976204,-0.3398753,-0.4768319
27.19999,0.4958358,-0.3396563,-0.4776047
27.21999,0.4940498,-0.3394609,-0.4783174
27.23999,0.4922968,-0.3392644,-0.4790245
27.25999,0.4905696,-0.3390436,-0.4797667
27.27999,0.4889235,-0.3388142,-0.4805277
27.29999,0.4872507,-0.3385843,-0.4812656
27.31999,0.4855565,-0.3383562,-0.4819286
27.33999,0.4840801,-0.338157,-0.4826169
27.35999,0.4823835,-0.3380122,-0.4830595
27.37999,0.4811861,-0.3379022,-0.4836642
27.39999,0.4799236,-0.3378097,-0.4842158
27.41999,0.4785474,-0.3377521,-0.4845949
27.43999,0.4770645,-0.3377208,-0.484822
27.45999,0.475496,-0.3377212,-0.484897
27.47999,0.4738543,-0.3377723,-0.4847915
27.49999,0.4721832,-0.3378606,-0.4845378
27.51999,0.4704856,-0.3380152,-0.484099
27.53999,0.4687813,-0.3382284,-0.4834943
27.55999,0.4670934,-0.3384939,-0.4827619
27.57999,0.4650179,-0.3387942,-0.4817057
27.59999,0.463373,-0.3391422,-0.4806773
27.61999,0.4619133,-0.3395374,-0.4796163
27.63999,0.4600137,-0.3398031,-0.4788232
27.65999,0.4583691,-0.3400908,-0.4778199
27.67999,0.4568392,-0.3402185,-0.4782061
27.69999,0.4556299,-0.3405107,-0.4775555
27.71999,0.4545787,-0.340836,-0.4768532
27.73999,0.4536611,-0.3411953,-0.4760832
27.75999,0.4528525,-0.3415853,-0.4752657
27.77999,0.4521436,-0.3420026,-0.4744026
27.79999,0.4515496,-0.3424502,-0.4734949
27.81999,0.451055,-0.3429253,-0.4725448
27.83999,0.4506475,-0.3434258,-0.4715526
27.85999,0.4503236,-0.3439518,-0.4705161
27.87999,0.4500789,-0.3445011,-0.4694356
27.89999,0.4499218,-0.3450845,-0.4682126
27.91999,0.4498506,-0.3456767,-0.4670624
27.93999,0.4498649,-0.3462848,-0.4659052
27.95999,0.4499621,-0.3469122,-0.4646918
27.97999,0.4501283,-0.3475544,-0.4634483
27.99999,0.4503936,-0.3482125,-0.4621662
28.01999,0.4507495,-0.3488825,-0.4608571
28.03999,0.4511782,-0.3495634,-0.4595132
28.05999,0.4516804,-0.3502531,-0.4581307
28.07999,0.4522466,-0.3509505,-0.4567078
28.09999,0.4529025,-0.351652,-0.4552526
28.11999,0.4536344,-0.3523574,-0.4537621
28.13999,0.4544322,-0.3530622,-0.4522441
28.15999,0.4552889,-0.3537726,-0.4505872
28.17999,0.4561836,-0.3544737,-0.4489917
28.19999,0.4571452,-0.3551674,-0.4474202
28.21999,0.4581704,-0.355856,-0.4458269
28.23999,0.4592391,-0.3565361,-0.4442022
28.25999,0.4603428,-0.3572059,-0.4425662
28.27999,0.4614762,-0.3578644,-0.4409257
28.29999,0.4626698,-0.3585086,-0.439318
28.31999,0.4639081,-0.359139,-0.4376898
28.33999,0.4651801,-0.3597543,-0.4360478
28.35999,0.4664749,-0.3603504,-0.4343181
28.37999,0.4677838,-0.360929,-0.4326475
28.39999,0.4691293,-0.3614889,-0.4310732
28.41999,0.4705028,-0.3620282,-0.4295002
28.43999,0.4718888,-0.3625458,-0.4279073
28.45999,0.4732836,-0.3630406,-0.426326
28.47999,0.4747088,-0.3634823,-0.4259939
28.49999,0.4762519,-0.3638158,-0.4247116
28.51999,0.4777901,-0.3641301,-0.4234035
28.53999,0.4793063,-0.3644369,-0.4221091
28.55999,0.480799,-0.3647349,-0.4208408
28.57999,0.4822684,-0.3650227,-0.4196039
28.59999,0.483738,-0.3652988,-0.4184141
28.61999,0.4851986,-0.3655638,-0.4172693
28.63999,0.4866477,-0.3658157,-0.4161662
28.65999,0.4880754,-0.3660564,-0.4151007
28.67999,0.4894836,-0.3662846,-0.4140727
28.69999,0.4908902,-0.3665007,-0.4130968
28.71999,0.4922867,-0.3667032,-0.4121666
28.73999,0.4936684,-0.3668937,-0.4112802
28.75999,0.4950328,-0.3670718,-0.410436
28.77999,0.4963704,-0.3672369,-0.4096268
28.79999,0.4976885,-0.3673901,-0.4088604
28.81999,0.4989986,-0.3675298,-0.408145
28.83999,0.5002938,-0.3676578,-0.4074749
28.85999,0.5015713,-0.3677729,-0.406848
28.87999,0.5028286,-0.3678764,-0.4062621
28.89999,0.5040726,-0.3679672,-0.4057224
28.91999,0.5052993,-0.3680462,-0.4052272
28.93999,0.5065684,-0.3683451,-0.4061587
28.95999,0.5078325,-0.3686037,-0.4072411
28.97999,0.5091348,-0.3690163,-0.4095816
28.99999,0.5105202,-0.3692333,-0.4110711
29.01999,0.5119066,-0.3693648,-0.4121605
29.03999,0.5133045,-0.3694679,-0.4131678
29.05999,0.514779,-0.3696291,-0.4146678
29.07999,0.5161268,-0.3697057,-0.4157791
29.09999,0.5174516,-0.3698125,-0.4172241
29.11999,0.5187697,-0.3698601,-0.4184725
29.13999,0.5200835,-0.3698669,-0.4196164
29.15999,0.5213989,-0.369844,-0.4207353
29.17999,0.5227091,-0.3697922,-0.4218245
29.19999,0.5240105,-0.3697111,-0.4228846
29.21999,0.5252901,-0.3696004,-0.4239026
29.23999,0.5265476,-0.369462,-0.4248901
29.25999,0.5277801,-0.3692953,-0.4258376
29.27999,0.5289682,-0.3690938,-0.4266915
29.29999,0.5302902,-0.3687853,-0.4272743
29.31999,0.5318975,-0.3684214,-0.4277984
29.33999,0.5331403,-0.3680532,-0.4282269
29.35999,0.5341807,-0.3676783,-0.4286048
29.37999,0.5351874,-0.3672957,-0.429004
29.39999,0.5361149,-0.3669066,-0.4294142
29.41999,0.5369778,-0.3665094,-0.4298417
29.43999,0.5377883,-0.3661051,-0.4302943
29.45999,0.5385501,-0.3656927,-0.4307727
29.47999,0.5392663,-0.3652714,-0.4312789
29.49999,0.5399197,-0.3648419,-0.4318056
29.51999,0.5405157,-0.3644031,-0.4323548
29.53999,0.5410589,-0.3639544,-0.4329288
29.55999,0.5415565,-0.3634967,-0.4335297
29.57999,0.5420069,-0.3630278,-0.4341568
29.59999,0.5423863,-0.3625488,-0.4348003
29.61999,0.5427046,-0.3620601,-0.4354614
29.63999,0.5429662,-0.3615595,-0.4361428
29.65999,0.5431785,-0.3610483,-0.4368474
29.67999,0.5433422,-0.3605264,-0.4375733
29.69999,0.5434268,-0.3599932,-0.438308
29.71999,0.543442,-0.3594489,-0.4390523
29.73999,0.5433995,-0.3588934,-0.4398115
29.75999,0.5432981,-0.3583263,-0.4405825
29.77999,0.5431404,-0.357749,-0.4413664
29.79999,0.5428976,-0.3571602,-0.4421481
29.81999,0.5425864,-0.3565613,-0.4429328
29.83999,0.5422078,-0.3559516,-0.4437198
29.85999,0.5417675,-0.3553319,-0.4445085
29.87999,0.5412743,-0.3547022,-0.4453019
29.89999,0.5407287,-0.3540632,-0.4460971
29.91999,0.5401152,-0.3534217,-0.4469508
29.93999,0.5394463,-0.3527775,-0.447861
29.95999,0.5387251,-0.3521304,-0.4488309
29.97999,0.5379591,-0.3514785,-0.4498488
29.99999,0.5371479,-0.350823,-0.4509244
30.01999,0.5362713,-0.3501688,-0.45211
30.03999,0.5353363,-0.3495098,-0.4533359
30.05999,0.5343468,-0.3488446,-0.454608
30.07999,0.5333062,-0.3481746,-0.455919
30.09999,0.5321987,-0.3475026,-0.457324
30.11999,0.5310284,-0.3468244,-0.4587625
30.13999,0.5297875,-0.346141,-0.4601957
30.15999,0.5283558,-0.3456295,-0.4612775
30.17999,0.5268233,-0.3451782,-0.4622122
30.19999,0.5252602,-0.3447434,-0.4631948
30.21999,0.5237005,-0.3443108,-0.4642181
30.23999,0.5221253,-0.3438864,-0.4652522
30.25999,0.5205422,-0.3434685,-0.4662804
30.27999,0.5189479,-0.3430606,-0.4673099
30.29999,0.5173193,-0.3426614,-0.4684018
30.31999,0.5156597,-0.3422729,-0.4694766
30.33999,0.5139769,-0.3418971,-0.4705295
30.35999,0.5122755,-0.3415338,-0.4715472
30.37999,0.5105574,-0.3411857,-0.4725363
30.39999,0.5088093,-0.3408502,-0.4735474
30.41999,0.5070419,-0.3405294,-0.4745254
30.43999,0.5052679,-0.3402218,-0.4754609
30.45999,0.5034938,-0.3399294,-0.4763627
30.47999,0.5017153,-0.3396545,-0.4772219
30.49999,0.499936,-0.3394014,-0.4780258
30.51999,0.4981443,-0.3391665,-0.478815
30.53999,0.4963485,-0.3389549,-0.4795435
30.55999,0.4945553,-0.3387679,-0.4802124
30.57999,0.4927683,-0.3386067,-0.4808176
30.59999,0.4909845,-0.3384717,-0.4813734
30.61999,0.4892591,-0.3383517,-0.4819112
30.63999,0.4875699,-0.3382095,-0.4824817
30.65999,0.4860739,-0.3380538,-0.4831277
30.67999,0.4842873,-0.3379024,-0.4836047
30.69999,0.4830602,-0.3377651,-0.4843031
30.71999,0.4812017,-0.3376683,-0.4845378
30.73999,0.4794029,-0.3375984,-0.4847197
30.75999,0.477591,-0.3375546,-0.4847419
30.77999,0.476189,-0.3375359,-0.4849545
30.79999,0.4745886,-0.3375477,-0.4849695
30.81999,0.4729922,-0.3375867,-0.4848812
30.83999,0.471395,-0.337668,-0.4846616
30.85999,0.469794,-0.337824,-0.4842543
30.87999,0.4682237,-0.3380584,-0.4836805
30.89999,0.4667063,-0.338354,-0.4829803
30.91999,0.4652577,-0.3387002,-0.4821538
30.93999,0.4637439,-0.3390857,-0.4808488
30.95999,0.4618252,-0.3392697,-0.4804981
30.97999,0.460424,-0.3395228,-0.4799014
30.99999,0.4591706,-0.3398101,-0.4792182
31.01999,0.4580572,-0.3401466,-0.47834
31.03999,0.4570541,-0.340519,-0.4773749
31.05999,0.4561476,-0.3409156,-0.4763884
31.07999,0.4553235,-0.3413372,-0.4753816
31.09999,0.4545999,-0.3417853,-0.4743515
31.11999,0.4539658,-0.3422575,-0.4732926
31.13999,0.4534155,-0.3427542,-0.4722055
31.15999,0.4529387,-0.3432739,-0.4710872
31.17999,0.4525559,-0.3438165,-0.4699397
31.19999,0.452273,-0.344395,-0.4686342
31.21999,0.4520519,-0.3449765,-0.4674502
31.23999,0.4519007,-0.3455733,-0.4662527
31.25999,0.4518237,-0.34619,-0.4650079
31.27999,0.4518179,-0.3468209,-0.4637488
31.29999,0.4519084,-0.3474672,-0.4624568
31.31999,0.4520833,-0.3481274,-0.4611416
31.33999,0.4523284,-0.3487986,-0.4597952
31.35999,0.452642,-0.3494797,-0.4584126
31.37999,0.4530203,-0.3501693,-0.4569933
31.39999,0.4534922,-0.3508659,-0.455543
31.41999,0.4540364,-0.3515678,-0.4540601
31.43999,0.4546622,-0.352277,-0.4524609
31.45999,0.4553398,-0.3529823,-0.4508893
31.47999,0.4560665,-0.3536853,-0.4493065
31.49999,0.4568725,-0.3543835,-0.4477316
31.51999,0.4577419,-0.355078,-0.446117
31.53999,0.4586659,-0.3557663,-0.4444795
31.55999,0.4596354,-0.3564456,-0.4428265
31.57999,0.4606434,-0.3571147,-0.4411645
31.59999,0.4616799,-0.357773,-0.4394854
31.61999,0.462774,-0.3584172,-0.4378426
31.63999,0.4639124,-0.3590482,-0.43611
31.65999,0.4650828,-0.3596634,-0.4344056
31.67999,0.4662776,-0.3602616,-0.4327298
31.69999,0.4675179,-0.360841,-0.4311084
31.71999,0.4687936,-0.3614021,-0.4294895
31.73999,0.4700938,-0.3619425,-0.4278526
31.75999,0.4714078,-0.3624621,-0.4262179
31.77999,0.472729,-0.3629581,-0.4245991
31.79999,0.4741054,-0.3634094,-0.423855
31.81999,0.4755859,-0.3637508,-0.4225426
31.83999,0.4770722,-0.3640682,-0.4212334
31.85999,0.4785224,-0.3643768,-0.4199308
31.87999,0.4799505,-0.3646766,-0.4186539
31.89999,0.481382,-0.3649664,-0.4174227
31.91999,0.4828098,-0.3652457,-0.4162364
31.93999,0.4842249,-0.3655131,-0.4150898
31.95999,0.4856246,-0.3657698,-0.4139812
31.97999,0.4870079,-0.366014,-0.4129107
31.99999,0.4883898,-0.3662464,-0.4118899
32.01999,0.4897624,-0.3664666,-0.4109146
32.03999,0.4911209,-0.3666749,-0.4099811
32.05999,0.4924591,-0.3668707,-0.4090862
32.07999,0.4937763,-0.3670542,-0.4082285
32.09999,0.4950928,-0.3672259,-0.4074247
32.11999,0.4963991,-0.367384,-0.406669
32.13999,0.4976878,-0.3675302,-0.4059556
32.15999,0.4989573,-0.3676642,-0.4052836
32.17999,0.500208,-0.3677865,-0.4046524
32.19999,0.5014489,-0.3678968,-0.4040686
32.21999,0.5026726,-0.3679948,-0.4035276
32.23999,0.5038781,-0.3680811,-0.4030286
32.25999,0.5051179,-0.3683764,-0.4038849
32.27999,0.5063571,-0.3686366,-0.4049004
32.29999,0.5075629,-0.3689956,-0.4067221
32.31999,0.5088245,-0.3693798,-0.4089671
32.33999,0.5101441,-0.3695382,-0.4101028
32.35999,0.5114878,-0.3696407,-0.4110019
32.37999,0.5128829,-0.3697471,-0.4120521
32.39999,0.514397,-0.3699155,-0.4137027
32.41999,0.5157153,-0.3700007,-0.4149163
32.43999,0.517056,-0.3700992,-0.4163941
32.45999,0.5183674,-0.3701212,-0.4175512
32.47999,0.5196713,-0.3701106,-0.4186512
32.49999,0.5209641,-0.3700705,-0.4197102
32.51999,0.5222479,-0.3700011,-0.420739
32.53999,0.5235168,-0.3699023,-0.4217343
32.55999,0.5247694,-0.3697765,-0.4226995
32.57999,0.5260019,-0.3696223,-0.423631
32.59999,0.5273352,-0.3694212,-0.4245387
32.61999,0.5289928,-0.3690901,-0.4250323
32.63999,0.5303203,-0.3687515,-0.4254273
32.65999,0.5314643,-0.3684042,-0.425774
32.67999,0.5325356,-0.3680499,-0.4261295
32.69999,0.533533,-0.3676887,-0.4264975
32.71999,0.5344684,-0.3673209,-0.4268854
32.73999,0.5353522,-0.3669458,-0.4272984
32.75999,0.5361903,-0.3665609,-0.4277395
32.77999,0.5369849,-0.3661687,-0.4282101
32.79999,0.5377194,-0.3657681,-0.4287027
32.81999,0.5384027,-0.3653584,-0.4292217
32.83999,0.5390406,-0.3649388,-0.4297694
32.85999,0.5396319,-0.3645089,-0.4303448
32.87999,0.5401855,-0.3640695,-0.4309513
32.89999,0.5406732,-0.3636193,-0.4315777
32.91999,0.5411057,-0.3631593,-0.432226
32.93999,0.5414828,-0.3626881,-0.4328961
32.95999,0.5418082,-0.362206,-0.4335901
32.97999,0.542082,-0.3617122,-0.4343072
32.99999,0.5422834,-0.3612071,-0.4350363
33.01999,0.5424196,-0.3606912,-0.4357793
33.03999,0.5424947,-0.3601635,-0.4365382
33.05999,0.542514,-0.3596241,-0.4373135
33.07999,0.5424765,-0.3590726,-0.4381029
33.09999,0.542357,-0.358511,-0.4388949
33.11999,0.5421695,-0.357937,-0.4396933
33.13999,0.5419177,-0.3573515,-0.4404979
33.15999,0.5416081,-0.3567558,-0.4413105
33.17999,0.5412415,-0.3561495,-0.4421291
33.19999,0.5407903,-0.3555321,-0.4429393
33.21999,0.5402709,-0.3549048,-0.4437468
33.23999,0.5396891,-0.3542701,-0.4445734
33.25999,0.5390596,-0.3536322,-0.4454556
33.27999,0.5383872,-0.3529897,-0.4463906
33.29999,0.5376564,-0.3523496,-0.4474339
33.31999,0.5368685,-0.351705,-0.4485321
33.33999,0.5360287,-0.3510565,-0.4496831
33.35999,0.5351398,-0.3504024,-0.4508798
33.37999,0.5342025,-0.3497438,-0.4521246
33.39999,0.533201,-0.3490838,-0.4534715
33.41999,0.5321388,-0.3484176,-0.4548578
33.43999,0.5310243,-0.3477442,-0.4562669
33.45999,0.529795,-0.3471313,-0.457545
33.47999,0.528398,-0.3466558,-0.4585405
33.49999,0.526938,-0.3462184,-0.4594427
33.51999,0.5254722,-0.3457959,-0.4604206
33.53999,0.5239792,-0.3453791,-0.4614152
33.55999,0.5224698,-0.3449688,-0.4624244
33.57999,0.5209379,-0.3445666,-0.4634413
33.59999,0.5193677,-0.3441733,-0.4645159
33.61999,0.5177629,-0.3437878,-0.4655844
33.63999,0.516136,-0.3434116,-0.4666312
33.65999,0.5144905,-0.3430446,-0.4676672
33.67999,0.5128283,-0.3426882,-0.468691
33.69999,0.5111353,-0.3423406,-0.469749
33.71999,0.5094214,-0.3420042,-0.4707811
33.73999,0.5076891,-0.3416811,-0.4717808
33.75999,0.5059456,-0.3413724,-0.472738
33.77999,0.5041954,-0.3410782,-0.4736615
33.79999,0.5024264,-0.3407983,-0.4745855
33.81999,0.5006465,-0.3405363,-0.4754624
33.83999,0.4988618,-0.3402929,-0.4762887
33.85999,0.497078,-0.3400695,-0.4770598
33.87999,0.4953001,-0.3398696,-0.4777726
33.89999,0.4935168,-0.3396904,-0.4784584
33.91999,0.4917503,-0.3394949,-0.4791625
33.93999,0.4900176,-0.3392766,-0.4798906
33.95999,0.4883917,-0.3390554,-0.4806378
33.97999,0.4867007,-0.3388382,-0.4813181
33.99999,0.4851345,-0.3386268,-0.4820232
34.01999,0.4834864,-0.3384458,-0.4825717
34.03999,0.4820686,-0.3382987,-0.483158
34.05999,0.4806462,-0.3381947,-0.4836405
34.07999,0.4791402,-0.3381309,-0.483967
34.09999,0.4775976,-0.3381098,-0.4841527
34.11999,0.4759872,-0.3381326,-0.4841768
34.13999,0.4743288,-0.3381959,-0.4840539
34.15999,0.4726467,-0.3382979,-0.4838028
34.17999,0.4709599,-0.3384374,-0.4834279
34.19999,0.4692925,-0.338621,-0.4829125
34.21999,0.467655,-0.3388471,-0.4822839
34.23999,0.4660603,-0.3391156,-0.4815465
34.25999,0.4643405,-0.3394257,-0.4806148
34.27999,0.4626622,-0.3397421,-0.4792936
34.29999,0.4610973,-0.3398974,-0.4790175
34.31999,0.459398,-0.3400692,-0.4785483
34.33999,0.4582053,-0.3403265,-0.4778119
34.35999,0.457226,-0.3406159,-0.477095
34.37999,0.4562872,-0.3408759,-0.4767851
34.39999,0.4554715,-0.3412368,-0.4758462
34.41999,0.4547815,-0.3416405,-0.4747806
34.43999,0.4541655,-0.3420531,-0.4738364
34.45999,0.4536325,-0.34249,-0.4728788
34.47999,0.4531747,-0.3429533,-0.4718825
34.49999,0.4528109,-0.3434423,-0.4708486
34.51999,0.4525433,-0.3439745,-0.4696322
34.53999,0.4523377,-0.3445093,-0.4685468
34.55999,0.4521965,-0.3450615,-0.4674623
34.57999,0.4521288,-0.3456355,-0.4663171
34.59999,0.4521268,-0.3462282,-0.4651476
34.61999,0.4522192,-0.3468382,-0.4639452
34.63999,0.4523906,-0.3474654,-0.4627182
34.65999,0.452634,-0.3481058,-0.4614565
34.67999,0.4529447,-0.3487599,-0.4601556
34.69999,0.4533542,-0.3494255,-0.4588194
34.71999,0.4538454,-0.3501015,-0.4574497
34.73999,0.4544074,-0.3507844,-0.4560413
34.75999,0.4550275,-0.351472,-0.4545992
34.77999,0.4557115,-0.3521686,-0.4530414
34.79999,0.4564426,-0.3528621,-0.4515062
34.81999,0.4572479,-0.3535527,-0.4499784
34.83999,0.4581179,-0.354242,-0.4484193
34.85999,0.4590381,-0.354927,-0.4468265
34.87999,0.460002,-0.3556062,-0.4452132
34.89999,0.4610345,-0.3562758,-0.4436174
34.91999,0.4621253,-0.3569376,-0.4419996
34.93999,0.4632536,-0.3575881,-0.440351
34.95999,0.4644167,-0.3582264,-0.4387055
34.97999,0.4656081,-0.3588505,-0.4369873
34.99999,0.4668463,-0.3594589,-0.4353471
35.01999,0.4681139,-0.3600504,-0.4337213
35.03999,0.4694076,-0.3606243,-0.4320968
35.05999,0.4707171,-0.3611794,-0.4304741
35.07999,0.4720423,-0.3617146,-0.4288653
35.09999,0.473402,-0.3622305,-0.4273033
35.11999,0.4747795,-0.3627231,-0.4257349
35.13999,0.4761776,-0.3631912,-0.4251706
35.15999,0.4776823,-0.3635359,-0.4239031
35.17999,0.4791878,-0.3638506,-0.422636
35.19999,0.480673,-0.3641568,-0.421379
35.21999,0.482143,-0.3644548,-0.4201502
35.23999,0.4835964,-0.3647441,-0.4189534
35.25999,0.4850302,-0.3650217,-0.4177884
35.27999,0.4864465,-0.3652897,-0.4166591
35.29999,0.4878673,-0.3655459,-0.4155793
35.31999,0.4892772,-0.3657896,-0.4145427
35.33999,0.4906741,-0.3660221,-0.4135467
35.35999,0.4920528,-0.3662423,-0.4125885
35.37999,0.4934148,-0.3664504,-0.4116699
35.39999,0.4947738,-0.366646,-0.4108
35.41999,0.4961174,-0.36683,-0.409971
35.43999,0.497448,-0.367001,-0.4091873
35.45999,0.4987622,-0.36716,-0.4084466
35.47999,0.5000579,-0.3673072,-0.4077468
35.49999,0.50133,-0.3674411,-0.4070853
35.51999,0.5025913,-0.3675636,-0.406469
35.53999,0.503837,-0.367674,-0.4058962
35.55999,0.5050636,-0.3677726,-0.405364
35.57999,0.5062698,-0.3678593,-0.4048724
35.59999,0.5075297,-0.3681001,-0.405537
35.61999,0.5088004,-0.3683512,-0.4065894
35.63999,0.5099881,-0.3685541,-0.4075215
35.65999,0.5115273,-0.3691258,-0.4109808
35.67999,0.5128502,-0.3693005,-0.4122594
35.69999,0.5141065,-0.3693193,-0.4126427
35.71999,0.5154914,-0.3694484,-0.4138123
35.73999,0.5167263,-0.3695545,-0.4149046
35.75999,0.5180486,-0.3696863,-0.4163983
35.77999,0.5193599,-0.369733,-0.4175462
35.79999,0.520689,-0.3697565,-0.4187132
35.81999,0.5220182,-0.3697518,-0.4198575
35.83999,0.5233407,-0.369718,-0.4209769
35.85999,0.5246502,-0.3696547,-0.4220617
35.87999,0.5259396,-0.3695608,-0.4231042
35.89999,0.5271985,-0.3694378,-0.4240964
35.91999,0.5284289,-0.3692855,-0.4250496
35.93999,0.52962,-0.369096,-0.4259036
35.95999,0.530933,-0.3688315,-0.4264642
35.97999,0.5327322,-0.3685121,-0.4272367
35.99999,0.5340501,-0.368155,-0.4276952
36.01999,0.5352513,-0.36779,-0.4281325
36.03999,0.5363076,-0.3674181,-0.4285493
36.05999,0.5372764,-0.3670391,-0.4289706
36.07999,0.5381749,-0.3666534,-0.4294061
36.09999,0.5389977,-0.3662593,-0.4298548
36.11999,0.5397574,-0.3658574,-0.4303227
36.13999,0.5404634,-0.365447,-0.4308152
36.15999,0.5411195,-0.365027,-0.4313335
36.17999,0.5417159,-0.364599,-0.4318756
36.19999,0.5422399,-0.3641603,-0.4324336
36.21999,0.5427148,-0.363713,-0.4330167
36.23999,0.543147,-0.3632536,-0.4336278
36.25999,0.5435464,-0.3627848,-0.4342704
36.27999,0.5439162,-0.3623049,-0.434945
36.29999,0.5441938,-0.3618146,-0.435627
36.31999,0.5443848,-0.3613128,-0.4363174
36.33999,0.5445127,-0.3608002,-0.437024
36.35999,0.5445911,-0.3602763,-0.4377514
36.37999,0.5446222,-0.3597406,-0.4384989
36.39999,0.5445858,-0.3591928,-0.4392574
36.41999,0.5444815,-0.3586353,-0.4400252
36.43999,0.544313,-0.3580659,-0.4408023
36.45999,0.5440905,-0.3574849,-0.4415917
36.47999,0.543835,-0.3568931,-0.4423993
36.49999,0.5434871,-0.3562911,-0.4431996
36.51999,0.543054,-0.3556783,-0.4439941
36.53999,0.5425534,-0.355056,-0.4447868
36.55999,0.5419925,-0.3544228,-0.4455805
36.57999,0.5413767,-0.353782,-0.4463857
36.59999,0.5407185,-0.3531384,-0.4472485
36.61999,0.5399991,-0.3524969,-0.4482267
36.63999,0.5392219,-0.3518521,-0.4492513
36.65999,0.5383928,-0.3512028,-0.4503348
36.67999,0.5375115,-0.3505504,-0.4514689
36.69999,0.5365666,-0.3498958,-0.4526981
36.71999,0.5355595,-0.3492373,-0.4539755
36.73999,0.5344996,-0.348572,-0.455281
36.75999,0.5333868,-0.3479008,-0.4566343
36.77999,0.532222,-0.3472242,-0.4580266
36.79999,0.5309222,-0.346621,-0.4593176
36.81999,0.5294415,-0.346146,-0.4603412
36.83999,0.5278992,-0.3457092,-0.4612822
36.85999,0.5263631,-0.3452807,-0.4622301
36.87999,0.5248182,-0.3448578,-0.463192
36.89999,0.5232651,-0.3444433,-0.464164
36.91999,0.521678,-0.3440376,-0.4652041
36.93999,0.5200578,-0.3436409,-0.4662482
36.95999,0.5184138,-0.3432529,-0.4672696
36.97999,0.5167513,-0.3428744,-0.4682823
36.99999,0.5150527,-0.3425049,-0.4693402
37.01999,0.5133234,-0.342146,-0.4703794
37.03999,0.511576,-0.341799,-0.4713846
37.05999,0.5098106,-0.3414637,-0.4723704
37.07999,0.5080358,-0.3411419,-0.4733182
37.09999,0.506241,-0.3408322,-0.4742835
37.11999,0.5044299,-0.3405386,-0.4752059
37.13999,0.5026078,-0.3402618,-0.4760832
37.15999,0.5007816,-0.3400058,-0.4769055
37.17999,0.498959,-0.3397688,-0.4776726
37.19999,0.4971402,-0.339554,-0.4783881
37.21999,0.4953175,-0.3393601,-0.4790785
37.23999,0.4935382,-0.3391749,-0.4797569
37.25999,0.4917804,-0.3389651,-0.4804744
37.27999,0.4901184,-0.3387416,-0.4812198
37.29999,0.4883783,-0.3385136,-0.4819268
37.31999,0.4868362,-0.3382965,-0.4826599
37.33998,0.4851223,-0.3380985,-0.4832326
37.35999,0.483602,-0.3379303,-0.4838076
37.37999,0.4821357,-0.3378105,-0.4843219
37.39999,0.4805639,-0.3377353,-0.4846616
37.41999,0.4788483,-0.3377094,-0.4847951
37.43999,0.4770165,-0.3377285,-0.4847351
37.45999,0.4751597,-0.3377795,-0.4845561
37.47999,0.4733324,-0.3378489,-0.4843097
37.49999,0.4716962,-0.3379532,-0.4840426
37.51999,0.4700819,-0.3380976,-0.4836625
37.53999,0.468505,-0.3382884,-0.4831746
37.55999,0.466965,-0.3385303,-0.4825635
37.57999,0.4654587,-0.33882,-0.4818318
37.59999,0.4639995,-0.3391602,-0.4809485
37.61999,0.4624382,-0.3395008,-0.4795176
37.63999,0.4604751,-0.3396697,-0.4791053
37.65999,0.4590544,-0.3399132,-0.4784649
37.67999,0.457807,-0.3402027,-0.4776833
37.69999,0.4567116,-0.3405417,-0.4767244
37.71999,0.455741,-0.3409153,-0.4756925
37.73999,0.4548764,-0.3413167,-0.4746355
37.75999,0.4541014,-0.3417449,-0.4735538
37.77999,0.4534119,-0.3421983,-0.4724427
37.79999,0.4528259,-0.3426796,-0.4713011
37.81999,0.4523333,-0.3431855,-0.4701294
37.83998,0.4519337,-0.3437296,-0.4688052
37.85999,0.4515989,-0.3442793,-0.4675933
37.87999,0.4513327,-0.3448467,-0.4663787
37.89999,0.4511686,-0.3454368,-0.4651008
37.91999,0.4510829,-0.3460441,-0.4638228
37.93999,0.4510787,-0.3466674,-0.4625185
37.95999,0.4511465,-0.3473058,-0.4611856
37.97999,0.4512818,-0.3479586,-0.4598216
37.99998,0.4515174,-0.3486255,-0.4584217
38.01999,0.4518339,-0.3493022,-0.4569951
38.03999,0.4522269,-0.3499886,-0.4555374
38.05999,0.4526906,-0.3506817,-0.4540479
38.07999,0.4532172,-0.35138,-0.4525228
38.09999,0.4538365,-0.3520849,-0.4509073
38.11999,0.4545201,-0.3527878,-0.4493103
38.13999,0.4552665,-0.3534891,-0.4477011
38.15998,0.4560691,-0.354186,-0.4460722
38.17999,0.4569195,-0.3548788,-0.4444183
38.19999,0.4578387,-0.3555643,-0.4427696
38.21999,0.4588172,-0.3562418,-0.4410996
38.23999,0.4598398,-0.3569103,-0.4394032
38.25999,0.4609004,-0.3575667,-0.4377053
38.27999,0.4619883,-0.3582106,-0.4359989
38.29999,0.4631349,-0.3588399,-0.4342552
38.31999,0.4643211,-0.3594539,-0.4325433
38.33998,0.465538,-0.3600503,-0.4308527
38.35999,0.4667752,-0.3606285,-0.4291711
38.37999,0.468031,-0.3611886,-0.4275038
38.39999,0.4693259,-0.3617289,-0.4258885
38.41999,0.4706489,-0.3622478,-0.4242748
38.43999,0.4719913,-0.3627439,-0.422649
38.45999,0.4733405,-0.3632168,-0.4210232
38.47999,0.4746955,-0.3636688,-0.4207135
38.49998,0.476181,-0.3639932,-0.419518
38.51999,0.4776632,-0.3642931,-0.4183038
38.53999,0.4791225,-0.3645862,-0.417096
38.55999,0.4805625,-0.3648709,-0.4159141
38.57999,0.48198,-0.3651458,-0.4147603
38.59999,0.4833994,-0.3654114,-0.413653
38.61999,0.484812,-0.3656655,-0.4125891
38.63999,0.486212,-0.3659087,-0.4115646
38.65998,0.4875978,-0.3661407,-0.410579
38.67999,0.4889649,-0.3663604,-0.4096293
38.69999,0.4903132,-0.3665682,-0.4087177
38.71999,0.491663,-0.3667649,-0.4078567
38.73999,0.4930039,-0.3669491,-0.4070423
38.75999,0.4943319,-0.3671213,-0.4062697
38.77999,0.4956369,-0.3672821,-0.4055332
38.79999,0.4969248,-0.3674306,-0.404839
38.81998,0.4982072,-0.3675672,-0.4041949
38.83998,0.4994767,-0.3676915,-0.4035955
38.85999,0.5007302,-0.3678042,-0.4030381
38.87999,0.5019659,-0.3679052,-0.4025214
38.89999,0.5031807,-0.3679952,-0.4020445
38.91999,0.5043818,-0.3680731,-0.4016109
38.93999,0.5056204,-0.3683565,-0.4024709
38.95999,0.5068574,-0.3686024,-0.403477
38.97998,0.5080552,-0.3689579,-0.4053085
38.99998,0.5093302,-0.3693084,-0.4074246
39.01999,0.5106815,-0.3694408,-0.4085053
39.03999,0.5120844,-0.3695438,-0.4095263
39.05999,0.5135578,-0.3697079,-0.4110187
39.07999,0.5146793,-0.3696299,-0.4110851
39.09999,0.5161731,-0.3700166,-0.4141679
39.11999,0.5171509,-0.3697794,-0.4135662
39.13999,0.5186132,-0.3700622,-0.4163258
39.15998,0.5199399,-0.3700795,-0.4177184
39.17999,0.5212212,-0.3700279,-0.4188241
39.19999,0.5224724,-0.3699494,-0.4198864
39.21999,0.5236886,-0.3698353,-0.4208599
39.23999,0.5248818,-0.3696954,-0.421809
39.25999,0.5260457,-0.3695198,-0.4226768
39.27999,0.5271834,-0.3693088,-0.4234603
39.29999,0.5284526,-0.3690132,-0.4241397
39.31998,0.5300363,-0.3686523,-0.4247127
39.33998,0.5312211,-0.3682868,-0.4251655
39.35999,0.5323019,-0.3679147,-0.4256073
39.37999,0.5333045,-0.367535,-0.4260551
39.39999,0.5342301,-0.3671491,-0.4265142
39.41999,0.5350905,-0.3667548,-0.4269894
39.43999,0.5358965,-0.3663536,-0.4274867
39.45999,0.5366502,-0.3659441,-0.4280085
39.47998,0.5373601,-0.3655258,-0.4285578
39.49998,0.5379868,-0.3650989,-0.4291191
39.51999,0.5385554,-0.3646624,-0.4297016
39.53999,0.5390836,-0.3642155,-0.4303125
39.55999,0.5395772,-0.3637592,-0.4309545
39.57999,0.5400422,-0.3632926,-0.43163
39.59999,0.5404595,-0.362815,-0.4323291
39.61999,0.5408055,-0.362327,-0.4330427
39.63998,0.541059,-0.3618281,-0.4337625
39.65998,0.5412586,-0.3613174,-0.4345011
39.67999,0.5414066,-0.3607962,-0.4352601
39.69999,0.5414827,-0.3602633,-0.4360284
39.71999,0.5415027,-0.3597192,-0.4368117
39.73999,0.5414649,-0.3591639,-0.4376086
39.75999,0.5413716,-0.3585964,-0.4384194
39.77999,0.5412257,-0.3580177,-0.4392428
39.79999,0.5410173,-0.3574286,-0.440072
39.81998,0.5407299,-0.3568287,-0.4408993
39.83998,0.5403692,-0.3562174,-0.4417265
39.85999,0.5399473,-0.355596,-0.4425554
39.87999,0.5394648,-0.3549641,-0.4433846
39.89999,0.5389001,-0.3543251,-0.4442187
39.91999,0.5382753,-0.3536824,-0.4451059
39.93999,0.5375967,-0.3530363,-0.4460525
39.95999,0.5368712,-0.3523868,-0.4470487
39.97998,0.5361015,-0.3517333,-0.4481053
39.99998,0.5352718,-0.3510799,-0.4492587
40.01999,0.5343823,-0.3504227,-0.4504632
40.03999,0.5334396,-0.3497594,-0.4517152
40.05999,0.5324494,-0.3490901,-0.4529991
40.07999,0.5314108,-0.3484162,-0.4543321
40.09999,0.5303273,-0.3477359,-0.4556958
40.11999,0.5291836,-0.3470528,-0.4571503
40.13998,0.527902,-0.3464446,-0.4584475
40.15998,0.5264596,-0.3459632,-0.4594755
40.17999,0.52495,-0.3455202,-0.4604216
40.19999,0.5234331,-0.3450878,-0.4614455
40.21999,0.5218952,-0.3446607,-0.4624715
40.23999,0.5203409,-0.3442408,-0.4635101
40.25999,0.5187649,-0.3438292,-0.4645542
40.27999,0.5171738,-0.3434272,-0.4655849
40.29998,0.51555,-0.3430348,-0.4666652
40.31998,0.5138965,-0.3426513,-0.4677366
40.33998,0.5122213,-0.3422789,-0.4687877
40.35999,0.5105283,-0.3419171,-0.4698207
40.37999,0.5088246,-0.3415676,-0.4708231
40.39999,0.5070947,-0.3412293,-0.4718484
40.41999,0.5053502,-0.3409044,-0.472842
40.43999,0.5035907,-0.3405944,-0.4737997
40.45998,0.5018245,-0.3403021,-0.4747056
40.47998,0.5000552,-0.3400277,-0.475571
40.49998,0.4982713,-0.3397709,-0.4764267
40.51999,0.4964808,-0.3395338,-0.4772335
40.53999,0.4946921,-0.33932,-0.4779743
40.55999,0.4929129,-0.3391303,-0.4786482
40.57999,0.4911899,-0.338958,-0.4793046
40.59999,0.4894792,-0.3387603,-0.4800192
40.61999,0.4878632,-0.3385458,-0.4807701
40.63998,0.4861519,-0.3383298,-0.4814495
40.65998,0.4846385,-0.3381238,-0.482158
40.67999,0.4829479,-0.3379438,-0.4827099
40.69999,0.4810663,-0.3377922,-0.4830618
40.71999,0.4793246,-0.3376812,-0.4833651
40.73999,0.4777876,-0.3376178,-0.4836602
40.75999,0.4761864,-0.337597,-0.4838204
40.77999,0.47456,-0.3376128,-0.4838566
40.79998,0.4729419,-0.3376672,-0.4837726
40.81998,0.4713354,-0.3377602,-0.4835766
40.83998,0.4697474,-0.3378937,-0.4832725
40.85999,0.4681848,-0.3380698,-0.4828565
40.87999,0.4666515,-0.3382873,-0.482334
40.89999,0.4651535,-0.3385494,-0.4816998
40.91999,0.4637067,-0.3388603,-0.4809222
40.93999,0.4623041,-0.3392172,-0.4800304
40.95998,0.4607782,-0.3395826,-0.4787599
40.97998,0.4590151,-0.339727,-0.4787483
40.99998,0.4576725,-0.3400251,-0.4777609
41.01999,0.4564831,-0.3403061,-0.4771143
41.03999,0.4554668,-0.3406472,-0.4762198
41.05999,0.4545547,-0.3410143,-0.4753173
41.07999,0.453737,-0.341412,-0.4743541
41.09999,0.4530058,-0.3418373,-0.4733514
41.11998,0.4523756,-0.3422903,-0.472317
41.13998,0.4518397,-0.3427682,-0.471252
41.15998,0.4513864,-0.3432717,-0.4701551
41.17999,0.4510251,-0.3438138,-0.4688965
41.19999,0.4507469,-0.3443637,-0.4677438
41.21999,0.4505541,-0.3449306,-0.4665976
41.23999,0.4504374,-0.3455158,-0.465427
41.25999,0.4504024,-0.3461236,-0.4641937
41.27998,0.4504343,-0.3467451,-0.4629465
41.29998,0.4505621,-0.3473835,-0.4616666
41.31998,0.450776,-0.3480362,-0.4603637
41.33998,0.4510654,-0.3487005,-0.4590296
41.35999,0.4514271,-0.3493764,-0.4576605
41.37999,0.451848,-0.3500604,-0.4562561
41.39999,0.4523659,-0.3507526,-0.4548198
41.41999,0.4529634,-0.3514497,-0.4533485
41.43999,0.4536372,-0.3521562,-0.4517572
41.45998,0.4543645,-0.3528586,-0.4502003
41.47998,0.4551389,-0.3535576,-0.4486321
41.49998,0.4559882,-0.3542538,-0.4470665
41.51999,0.4569009,-0.3549458,-0.4454671
41.53999,0.4578637,-0.3556318,-0.4438393
41.55999,0.4588711,-0.3563094,-0.4422005
41.57999,0.4599111,-0.3569771,-0.4405438
41.59999,0.4610113,-0.3576336,-0.4389147
41.61998,0.4621602,-0.3582776,-0.4372678
41.63998,0.463346,-0.3589075,-0.4355354
41.65998,0.4645586,-0.3595214,-0.4338496
41.67999,0.4657933,-0.3601188,-0.4322
41.69999,0.467074,-0.3606984,-0.4305967
41.71999,0.4683816,-0.3612593,-0.4289753
41.73999,0.4697163,-0.3617991,-0.4273586
41.75999,0.4710639,-0.3623179,-0.425742
41.77998,0.4724212,-0.362815,-0.4241406
41.79998,0.4738177,-0.3632991,-0.4229555
41.81998,0.4752658,-0.3637135,-0.4226744
41.83998,0.4768158,-0.3640335,-0.4214805
41.85999,0.4783184,-0.3643385,-0.4202236
41.87999,0.4797928,-0.3646367,-0.4189759
41.89999,0.4812598,-0.3649256,-0.4177672
41.91999,0.4827172,-0.3652043,-0.4165992
41.93998,0.4841639,-0.3654712,-0.4154708
41.95998,0.4855914,-0.3657273,-0.4143782
41.97998,0.4869981,-0.3659714,-0.4133215
41.99998,0.4884087,-0.3662038,-0.412316
42.01999,0.4898106,-0.3664236,-0.4113575
42.03999,0.4911996,-0.3666317,-0.4104409
42.05999,0.4925705,-0.3668265,-0.4095645
42.07999,0.4939157,-0.3670104,-0.4087213
42.09998,0.4952581,-0.3671817,-0.4079306
42.11998,0.4965882,-0.36734,-0.4071869
42.13998,0.4979022,-0.3674862,-0.4064861
42.15998,0.4991963,-0.3676196,-0.4058258
42.17999,0.5004687,-0.3677418,-0.4052049
42.19999,0.5017316,-0.3678509,-0.4046315
42.21999,0.5029793,-0.3679491,-0.4041013
42.23999,0.5042071,-0.3680357,-0.4036129
42.25999,0.5054789,-0.3682716,-0.4042805
42.27998,0.506757,-0.3685246,-0.4053561
42.29998,0.5079725,-0.368823,-0.406839
42.31998,0.5094002,-0.3691758,-0.4089647
42.33998,0.5106449,-0.3694091,-0.4104129
42.35999,0.5119845,-0.3696406,-0.4120502
42.37999,0.5133832,-0.3697747,-0.4132999
42.39999,0.5147268,-0.3698671,-0.4144164
42.41999,0.516068,-0.3699732,-0.4157676
42.43998,0.5174229,-0.3700307,-0.416995
42.45998,0.518782,-0.3700545,-0.4181756
42.47998,0.5201394,-0.3700469,-0.4193164
42.49998,0.5214868,-0.3700098,-0.4204211
42.51999,0.522821,-0.3699431,-0.4214945
42.53999,0.5241362,-0.3698479,-0.4225323
42.55999,0.5254316,-0.3697236,-0.4235377
42.57999,0.5267029,-0.369572,-0.4245074
42.59998,0.5279357,-0.3693908,-0.4254263
42.61998,0.5292648,-0.3691005,-0.4260392
42.63998,0.5308921,-0.3687467,-0.4265505
42.65998,0.5321307,-0.3683879,-0.4269524
42.67999,0.5332438,-0.3680221,-0.4273356
42.69999,0.5342816,-0.3676496,-0.427727
42.71999,0.5352489,-0.3672702,-0.428132
42.73999,0.5361565,-0.3668832,-0.4285563
42.75998,0.5370115,-0.3664892,-0.4290065
42.77998,0.5378212,-0.3660869,-0.4294837
42.79998,0.5385696,-0.3656758,-0.4299815
42.81998,0.539264,-0.3652565,-0.4305042
42.83998,0.539906,-0.3648275,-0.4310517
42.85999,0.5404982,-0.3643899,-0.4316255
42.87999,0.541047,-0.3639418,-0.432228
42.89999,0.5415285,-0.3634836,-0.4328476
42.91998,0.5419489,-0.3630152,-0.4334879
42.93998,0.5423183,-0.3625362,-0.4341515
42.95998,0.5426379,-0.3620471,-0.434839
42.97998,0.5429105,-0.3615462,-0.4355505
42.99998,0.5431044,-0.3610342,-0.4362719
43.01999,0.543232,-0.360511,-0.4370066
43.03999,0.5433006,-0.3599766,-0.4377573
43.05999,0.5433113,-0.359431,-0.4385233
43.07999,0.5432715,-0.3588739,-0.4393066
43.09998,0.5431541,-0.3583063,-0.4400933
43.11998,0.5429708,-0.3577272,-0.4408862
43.13998,0.5427185,-0.3571371,-0.4416845
43.15998,0.5424012,-0.3565368,-0.4424871
43.17999,0.5420272,-0.3559256,-0.4432957
43.19999,0.5415708,-0.355304,-0.4440978
43.21999,0.5410432,-0.3546728,-0.4448938
43.23999,0.5404529,-0.3540343,-0.4457089
43.25998,0.539816,-0.3533925,-0.4465738
43.27998,0.5391365,-0.3527465,-0.4474994
43.29998,0.5384185,-0.3520977,-0.4484797
43.31998,0.5376406,-0.3514499,-0.4495694
43.33998,0.536803,-0.3507987,-0.4507138
43.35999,0.5359129,-0.3501424,-0.4518998
43.37999,0.5349718,-0.3494813,-0.4531381
43.39999,0.5339625,-0.3488194,-0.4544774
43.41998,0.53289,-0.3481517,-0.4558566
43.43998,0.5317631,-0.3474776,-0.4572586
43.45998,0.5305879,-0.3467958,-0.4586788
43.47998,0.5292767,-0.3462159,-0.459894
43.49998,0.5278141,-0.3457476,-0.460927
43.51999,0.5262855,-0.3453131,-0.4619009
43.53999,0.5247583,-0.3448861,-0.4628963
43.55999,0.5232155,-0.3444642,-0.4639008
43.57998,0.5216615,-0.3440509,-0.4649094
43.59998,0.520072,-0.3436466,-0.4659844
43.61998,0.5184535,-0.3432509,-0.4670406
43.63998,0.5168108,-0.3428653,-0.468092
43.65998,0.5151501,-0.34249,-0.4691224
43.67999,0.5134726,-0.3421253,-0.4701436
43.69999,0.5117628,-0.3417707,-0.4711998
43.71999,0.5100271,-0.3414276,-0.4722288
43.73998,0.508276,-0.3410984,-0.4732164
43.75998,0.5065171,-0.340784,-0.4741625
43.77998,0.5047581,-0.3404849,-0.4750728
43.79998,0.5029777,-0.3402005,-0.4759926
43.81998,0.5011836,-0.3399345,-0.4768641
43.83998,0.4993851,-0.339689,-0.4776741
43.85999,0.4975877,-0.3394653,-0.4784316
43.87999,0.4957945,-0.3392642,-0.4791336
43.89999,0.4939992,-0.3390854,-0.4798009
43.91998,0.492209,-0.3389329,-0.4804029
43.93998,0.4905083,-0.3387794,-0.4810265
43.95998,0.4889003,-0.3386009,-0.481717
43.97998,0.4872239,-0.3384114,-0.482361
43.99998,0.4854863,-0.3382296,-0.4829251
44.01999,0.4836963,-0.3380755,-0.4833688
44.03999,0.4818538,-0.3379462,-0.4836954
44.05999,0.4799881,-0.3378491,-0.4839036
44.07998,0.478504,-0.3377929,-0.4841895
44.09998,0.4769355,-0.3377843,-0.4843426
44.11998,0.4753173,-0.3378082,-0.4843577
44.13998,0.4737065,-0.3378712,-0.4842549
44.15998,0.4721097,-0.3379769,-0.4840388
44.17999,0.4705338,-0.3381254,-0.4837101
44.19999,0.4689904,-0.3383206,-0.483245
44.21999,0.4674796,-0.3385592,-0.4826662
44.23998,0.4660007,-0.3388413,-0.4819802
44.25998,0.464551,-0.3391674,-0.4811783
44.27998,0.4630196,-0.3395591,-0.4799647
44.29998,0.4609627,-0.3397434,-0.4794558
44.31998,0.4594308,-0.3399662,-0.4789043
44.33998,0.4581101,-0.3401964,-0.4784991
44.35999,0.4569876,-0.340506,-0.477695
44.37999,0.4559974,-0.34085,-0.4768235
44.39998,0.4551298,-0.3412255,-0.4759098
44.41998,0.4543692,-0.3416287,-0.4749663
44.43998,0.4537019,-0.3420583,-0.4739937
44.45998,0.4531218,-0.3425146,-0.4729896
44.47998,0.4526171,-0.3429958,-0.4719514
44.49998,0.4521889,-0.3435014,-0.4708782
44.51999,0.4518565,-0.344031,-0.4697692
44.53999,0.4516213,-0.3445976,-0.4685065
44.55999,0.4514522,-0.3451684,-0.4673535
44.57998,0.451349,-0.3457558,-0.4661957
44.59998,0.4513496,-0.346366,-0.4649669
44.61998,0.4514371,-0.3469906,-0.463736
44.63998,0.4515992,-0.34763,-0.4624786
44.65998,0.4518292,-0.3482825,-0.4611873
44.67999,0.452123,-0.3489478,-0.4598574
44.69999,0.4525101,-0.3496242,-0.4584905
44.71999,0.4529773,-0.3503089,-0.4570921
44.73998,0.4535109,-0.3510011,-0.4556581
44.75998,0.4541109,-0.3516977,-0.4541903
44.77998,0.4547767,-0.3524029,-0.452594
44.79998,0.4555199,-0.3531037,-0.4510463
44.81998,0.4563289,-0.3538023,-0.4494894
44.83998,0.4571929,-0.3544978,-0.4479025
44.85999,0.4581088,-0.3551874,-0.446298
44.87999,0.4590661,-0.3558712,-0.4446692
44.89998,0.4600901,-0.356546,-0.443054
44.91998,0.4611684,-0.3572117,-0.4414161
44.93998,0.4622833,-0.357865,-0.4397537
44.95998,0.463433,-0.3585061,-0.438094
44.97998,0.4646368,-0.3591319,-0.4363853
44.99998,0.4658766,-0.3597417,-0.4347131
45.01999,0.4671481,-0.3603348,-0.4330705
45.03999,0.4684421,-0.3609091,-0.4314422
45.05998,0.46975,-0.3614646,-0.4298129
45.07998,0.4710642,-0.3619997,-0.428186
45.09998,0.4723844,-0.3625142,-0.4265799
45.11998,0.4737384,-0.363008,-0.4250318
45.13998,0.4751328,-0.3634658,-0.4242397
45.15998,0.4766264,-0.3638072,-0.4229436
45.17999,0.4781259,-0.3641205,-0.4216595
45.19999,0.4796042,-0.3644231,-0.4203895
45.21998,0.4810774,-0.3647188,-0.4191561
45.23998,0.4825319,-0.3650043,-0.4179533
45.25998,0.4839694,-0.3652786,-0.4167855
45.27998,0.4853861,-0.3655427,-0.4156518
45.29998,0.4868027,-0.365795,-0.4145662
45.31998,0.4882117,-0.3660351,-0.4135261
45.33998,0.4896055,-0.3662632,-0.4125261
45.35999,0.4909854,-0.366479,-0.4115674
45.37999,0.4923441,-0.3666832,-0.4106462
45.39998,0.4937,-0.3668743,-0.4097741
45.41998,0.4950406,-0.3670535,-0.4089441
45.43998,0.4963689,-0.3672202,-0.408161
45.45998,0.49768,-0.367375,-0.4074203
45.47998,0.4989718,-0.3675172,-0.4067212
45.49998,0.5002557,-0.3676466,-0.4060704
45.51999,0.5015221,-0.3677647,-0.4054621
45.53999,0.5027708,-0.3678707,-0.4048959
45.55998,0.503999,-0.3679647,-0.4043704
45.57998,0.5052058,-0.368047,-0.4038844
45.59998,0.5064633,-0.3682891,-0.404579
45.61998,0.5077293,-0.3685375,-0.4056327
45.63998,0.5089352,-0.3688366,-0.4071424
45.65998,0.5102897,-0.369171,-0.4091662
45.67999,0.5118675,-0.3697172,-0.4127217
45.69999,0.5127101,-0.3696107,-0.41214
45.71998,0.5139456,-0.3698823,-0.4140881
45.73998,0.5151845,-0.3699521,-0.415055
45.75998,0.5165259,-0.3700048,-0.4161289
45.77998,0.5179236,-0.3700299,-0.4172136
45.79998,0.5193216,-0.3700058,-0.4181535
45.81998,0.5207301,-0.3699687,-0.419156
45.83998,0.5221424,-0.3699203,-0.42024
45.85999,0.5236883,-0.3699176,-0.4218436
45.87998,0.5250167,-0.3698154,-0.4228817
45.89998,0.526319,-0.369707,-0.4240279
45.91998,0.5275394,-0.3695378,-0.4249006
45.93998,0.5287093,-0.3693333,-0.4256688
45.95998,0.5300022,-0.3690467,-0.4262094
45.97998,0.5316098,-0.368693,-0.4267213
45.99998,0.5328291,-0.368333,-0.4271271
46.01999,0.5338994,-0.3679649,-0.427505
46.03998,0.5349128,-0.3675896,-0.4278981
46.05998,0.5358638,-0.3672071,-0.4283094
46.07998,0.5367639,-0.3668175,-0.4287448
46.09998,0.5376143,-0.36642,-0.4292065
46.11998,0.5384021,-0.3660147,-0.429688
46.13998,0.539137,-0.3656009,-0.4301942
46.15998,0.5398204,-0.365178,-0.430725
46.17999,0.540454,-0.3647465,-0.4312826
46.19999,0.541021,-0.3643053,-0.4318598
46.21998,0.5415268,-0.363854,-0.4324566
46.23998,0.5419791,-0.3633929,-0.4330772
46.25998,0.5423838,-0.3629208,-0.4337239
46.27998,0.5427441,-0.3624391,-0.4343974
46.29998,0.5430598,-0.3619452,-0.4350972
46.31998,0.5433021,-0.3614411,-0.4358096
46.33998,0.543484,-0.3609253,-0.4365385
46.35999,0.5435976,-0.360398,-0.4372808
46.37998,0.5436592,-0.3598604,-0.438041
46.39998,0.5436367,-0.3593106,-0.4388057
46.41998,0.5435421,-0.3587503,-0.4395776
46.43998,0.5433936,-0.3581787,-0.4403625
46.45998,0.5431986,-0.3575955,-0.4411624
46.47998,0.5429381,-0.3570021,-0.4419685
46.49998,0.5425889,-0.3563976,-0.4427688
46.51999,0.5421711,-0.3557826,-0.4435693
46.53998,0.5416887,-0.3551572,-0.444369
46.55998,0.5411434,-0.3545226,-0.4451677
46.57998,0.5405425,-0.3538809,-0.4459909
46.59998,0.539898,-0.3532363,-0.4468678
46.61998,0.5391957,-0.3525932,-0.4478502
46.63998,0.5384575,-0.3519404,-0.448834
46.65998,0.5377034,-0.3512786,-0.44982
46.67999,0.5369491,-0.3506081,-0.450814
46.69998,0.5362051,-0.3499296,-0.4518186
46.71998,0.5354767,-0.3492435,-0.4528342
46.73998,0.534767,-0.3485505,-0.4538612
46.75998,0.5340787,-0.3478512,-0.4548981
46.77998,0.5334114,-0.3471476,-0.4559438
46.79998,0.5327371,-0.3464392,-0.4569749
46.81998,0.53196,-0.3458959,-0.4576511
46.83998,0.5311812,-0.3454162,-0.4581712
46.85998,0.5304371,-0.344952,-0.4586639
46.87998,0.5297686,-0.344495,-0.4591718
46.89998,0.5287479,-0.3440857,-0.4606764
46.91998,0.5274181,-0.3436806,-0.462099
46.93998,0.5258857,-0.3432786,-0.463451
46.95998,0.5242305,-0.3428793,-0.4647347
46.97998,0.5224801,-0.3424859,-0.4660451
46.99998,0.5206698,-0.3420975,-0.4673078
47.01999,0.5188227,-0.3417149,-0.4685413
47.03998,0.5169517,-0.3413406,-0.4697503
47.05998,0.5150667,-0.340975,-0.4709331
47.07998,0.5131667,-0.3406174,-0.4721234
47.09998,0.5112537,-0.3402721,-0.4732692
47.11998,0.5093362,-0.3399411,-0.4743721
47.13998,0.5074155,-0.3396234,-0.475438
47.15998,0.5055001,-0.3393232,-0.4764499
47.17999,0.5035795,-0.3390394,-0.477444
47.19998,0.5016601,-0.3387751,-0.4783794
47.21998,0.4997504,-0.3385342,-0.4792433
47.23998,0.4978533,-0.3383165,-0.4800453
47.25998,0.4959648,-0.3381239,-0.4807965
47.27998,0.4940991,-0.3379606,-0.4814501
47.29998,0.4923376,-0.3377923,-0.4821578
47.31998,0.4906712,-0.3376009,-0.4829218
47.33998,0.489287,-0.3374029,-0.483788
47.35998,0.4876513,-0.3372105,-0.4844817
47.37998,0.4858783,-0.3370438,-0.4850126
47.39998,0.4842092,-0.3369033,-0.4854927
47.41998,0.4827166,-0.3368064,-0.4859456
47.43998,0.4811665,-0.336758,-0.4862532
47.45998,0.4795677,-0.3367573,-0.4864043
47.47998,0.4779433,-0.3368029,-0.4863984
47.49998,0.4763132,-0.3368904,-0.4862661
47.51998,0.4746966,-0.3370196,-0.4860126
47.53998,0.4731041,-0.3371912,-0.4856458
47.55998,0.4715421,-0.3374072,-0.4851616
47.57998,0.470014,-0.3376675,-0.4845656
47.59998,0.4685366,-0.3379802,-0.4838126
47.61998,0.4670946,-0.338339,-0.4829455
47.63998,0.4655823,-0.3387372,-0.4817147
47.65998,0.4635763,-0.338944,-0.4811846
47.67998,0.4620675,-0.3391916,-0.4806052
47.69998,0.4607809,-0.339456,-0.4801307
47.71998,0.4596546,-0.3397858,-0.4793508
47.73998,0.4586584,-0.3401625,-0.4784153
47.75998,0.4577688,-0.3405704,-0.4774319
47.77998,0.456998,-0.3410063,-0.4764315
47.79998,0.4563307,-0.341471,-0.4753991
47.81998,0.4557524,-0.3419627,-0.4743332
47.83998,0.4552612,-0.3424803,-0.4732351
47.85998,0.4548464,-0.3430224,-0.4721014
47.87998,0.4545519,-0.3436108,-0.4707502
47.89998,0.4543291,-0.3441983,-0.4695668
47.91998,0.4541783,-0.3448008,-0.4683912
47.93998,0.4541082,-0.3454266,-0.4671433
47.95998,0.4541126,-0.3460687,-0.4658784
47.97998,0.4542195,-0.3467273,-0.4645814
47.99998,0.4544087,-0.3474004,-0.4632584
48.01998,0.4546762,-0.3480866,-0.4618996
48.03998,0.4550118,-0.3487836,-0.4605042
48.05998,0.4554148,-0.3494898,-0.4590699
48.07998,0.4559115,-0.350204,-0.457601
48.09998,0.4564933,-0.3509231,-0.4560984
48.11998,0.4571534,-0.3516516,-0.4544686
48.13998,0.4578595,-0.3523757,-0.4528741
48.15998,0.4586142,-0.3530959,-0.4512752
48.17998,0.4594477,-0.3538131,-0.4496761
48.19998,0.460348,-0.3545265,-0.4480436
48.21998,0.4612955,-0.3552338,-0.4463793
48.23998,0.4622845,-0.3559311,-0.4447031
48.25998,0.4633122,-0.3566187,-0.4430248
48.27998,0.464402,-0.3572947,-0.4413649
48.29998,0.4655437,-0.3579565,-0.4396895
48.31998,0.4667218,-0.358605,-0.4379358
48.33998,0.467921,-0.3592368,-0.4362181
48.35998,0.4691337,-0.3598508,-0.4345307
48.37998,0.4703888,-0.3604471,-0.4329003
48.39998,0.4716744,-0.3610234,-0.4312646
48.41998,0.4729775,-0.3615785,-0.4296064
48.43998,0.4742964,-0.362112,-0.4279608
48.45998,0.4756256,-0.3626235,-0.426336
48.47998,0.4769804,-0.3631124,-0.4247552
48.49998,0.4783825,-0.3635635,-0.4240971
48.51998,0.479874,-0.3638968,-0.4228604
48.53998,0.4813755,-0.3642041,-0.4216287
48.55998,0.4828256,-0.364502,-0.4203908
48.57998,0.4842749,-0.3647908,-0.4191896
48.59998,0.4857108,-0.36507,-0.4180243
48.61998,0.4871303,-0.3653381,-0.4168952
48.63998,0.488534,-0.3655948,-0.4158034
48.65998,0.4899158,-0.3658395,-0.4147463
48.67998,0.4912992,-0.3660726,-0.4137386
48.69998,0.4926704,-0.3662928,-0.412775
48.71998,0.4940266,-0.3665008,-0.4118518
48.73998,0.4953672,-0.3666964,-0.4109708
48.75998,0.4967018,-0.3668798,-0.4101365
48.77998,0.4980215,-0.3670505,-0.4093443
48.79998,0.4993279,-0.3672092,-0.408599
48.81998,0.5006146,-0.3673548,-0.407895
48.83998,0.5018833,-0.3674879,-0.4072333
48.85998,0.5031301,-0.3676095,-0.4066111
48.87998,0.5043644,-0.3677184,-0.4060344
48.89998,0.5055832,-0.3678154,-0.4055017
48.91998,0.5067813,-0.3679004,-0.405009
48.93998,0.5079584,-0.3679739,-0.4045575
48.95998,0.5091134,-0.3680355,-0.4041453
48.97998,0.5103385,-0.3682628,-0.4049208
48.99998,0.5115771,-0.3685296,-0.4062246
49.01998,0.5129454,-0.3689709,-0.4088488
49.03998,0.5142088,-0.3690645,-0.4097096
49.05998,0.5155135,-0.3691705,-0.4107184
49.07998,0.5168328,-0.369249,-0.4116707
49.09998,0.5182391,-0.3693862,-0.4131071
49.11998,0.5195656,-0.3694595,-0.4143341
49.13998,0.5208212,-0.3695312,-0.4156744
49.15998,0.5220707,-0.3695583,-0.4169173
49.17998,0.5233001,-0.369539,-0.4180232
49.19998,0.5245215,-0.3694889,-0.4190958
49.21998,0.5257339,-0.3694099,-0.4201407
49.23998,0.5269317,-0.3693008,-0.4211491
49.25998,0.5281128,-0.3691626,-0.4221264
49.27998,0.52926,-0.3689936,-0.4230533
49.29998,0.5304738,-0.3687475,-0.4236793
49.31998,0.5320888,-0.3683982,-0.4242353
49.33998,0.5334004,-0.3680468,-0.424761
49.35998,0.5344856,-0.3676877,-0.425231
49.37998,0.5354719,-0.367322,-0.4256949
49.39998,0.5363795,-0.3669492,-0.4261662
49.41998,0.5372259,-0.3665695,-0.4266552
49.43998,0.5380193,-0.3661815,-0.4271655
49.45998,0.5387626,-0.3657844,-0.4276998
49.47998,0.5394415,-0.3653792,-0.4282522
49.49998,0.5400649,-0.3649654,-0.4288254
49.51998,0.5406372,-0.3645421,-0.4294232
49.53998,0.5411638,-0.3641086,-0.4300473
49.55998,0.5416452,-0.3636656,-0.4306978
49.57998,0.542062,-0.3632118,-0.431365
49.59998,0.5424203,-0.3627474,-0.4320525
49.61998,0.5427269,-0.3622715,-0.4327614
49.63998,0.5429804,-0.3617853,-0.4334919
49.65998,0.5431879,-0.3612874,-0.4342449
49.67998,0.5433219,-0.3607776,-0.4350075
49.69998,0.5433899,-0.3602571,-0.4357828
49.71998,0.5433919,-0.3597248,-0.4365698
49.73998,0.5433379,-0.3591808,-0.4373704
49.75998,0.5432428,-0.3586258,-0.43819
49.77998,0.5430706,-0.3580585,-0.4390126
49.79998,0.542822,-0.3574798,-0.4398362
49.81998,0.5425047,-0.3568901,-0.4406626
49.83998,0.5421278,-0.3562894,-0.4414939
49.85998,0.5416682,-0.3556783,-0.4423173
49.87998,0.5411343,-0.3550567,-0.4431351
49.89998,0.5405383,-0.3544251,-0.4439505
49.91998,0.5398901,-0.3537912,-0.4448339
49.93998,0.5391954,-0.3531538,-0.4457699
49.95998,0.538445,-0.3525175,-0.4468043
49.97998,0.5376377,-0.3518769,-0.447893
49.99998,0.5367763,-0.3512322,-0.4490379
50.01998,0.5358674,-0.350582,-0.4502232
50.03998,0.5349115,-0.3499269,-0.4514597
50.05998,0.5338945,-0.3492704,-0.4527939
50.07998,0.5328178,-0.3486078,-0.454171
50.09998,0.5316873,-0.3479388,-0.4555739
50.11998,0.530506,-0.3472628,-0.4570119
50.13998,0.5292858,-0.34658,-0.4584799
50.15998,0.5279495,-0.3459786,-0.4597655
50.17998,0.5264516,-0.3454992,-0.4608598
50.19998,0.5248873,-0.3450628,-0.4618774
50.21998,0.5232987,-0.344635,-0.4628809
50.23998,0.5217056,-0.3442132,-0.4639089
50.25998,0.5200811,-0.343798,-0.4649917
50.27998,0.5184274,-0.3433908,-0.4660714
50.29998,0.5167474,-0.3429925,-0.4671471
50.31998,0.5150477,-0.3426039,-0.4682021
50.33998,0.5133321,-0.3422264,-0.4692386
50.35998,0.5116044,-0.3418606,-0.4702503
50.37998,0.5098493,-0.3415048,-0.4712926
50.39998,0.5080692,-0.3411621,-0.4723088
50.41998,0.5062755,-0.3408336,-0.4732789
50.43998,0.5044722,-0.3405204,-0.4742173
50.45998,0.5026509,-0.3402222,-0.4751451
50.47998,0.5008196,-0.3399418,-0.4760268
50.49998,0.4989846,-0.3396803,-0.4768623
50.51998,0.4971507,-0.3394406,-0.4776355
50.53998,0.4953227,-0.3392233,-0.4783493
50.55998,0.493501,-0.3390312,-0.4790074
50.57998,0.4916776,-0.3388631,-0.4796285
50.59998,0.4899661,-0.3387151,-0.4802416
50.61998,0.4883417,-0.3385436,-0.4809267
50.63998,0.4865782,-0.3383509,-0.4815437
50.65998,0.4848375,-0.338165,-0.4821207
50.67998,0.4830243,-0.3380055,-0.482571
50.69998,0.4811516,-0.3378694,-0.4829063
50.71998,0.4792529,-0.3377521,-0.4831419
50.73998,0.4776066,-0.3376657,-0.4834114
50.75998,0.4760274,-0.3376255,-0.4836082
50.77998,0.4744389,-0.3376437,-0.4836538
50.79998,0.4728167,-0.3377081,-0.4835536
50.81998,0.4711775,-0.3378122,-0.48333
50.83998,0.4695469,-0.3379531,-0.4829947
50.85998,0.4679439,-0.3381318,-0.4825538
50.87998,0.4663839,-0.3383553,-0.4819811
50.89998,0.4648673,-0.3386192,-0.4813088
50.91998,0.4633991,-0.3389282,-0.4805304
50.93998,0.461847,-0.3393171,-0.4792722
50.95998,0.4597221,-0.3394716,-0.4789309
50.97998,0.4582117,-0.3396845,-0.4783997
50.99998,0.4568611,-0.3398907,-0.4780892
51.01998,0.4557426,-0.3402019,-0.4771957
51.03998,0.4547498,-0.3405351,-0.4763422
51.05998,0.453866,-0.3408969,-0.4754653
51.07998,0.453094,-0.3412874,-0.4745575
51.09998,0.4524225,-0.3417062,-0.473617
51.11998,0.451837,-0.3421512,-0.4726462
51.13998,0.4513305,-0.3426225,-0.4716436
51.15998,0.4509019,-0.3431183,-0.4706073
51.17998,0.4505674,-0.3436386,-0.4695361
51.19998,0.4503346,-0.3441994,-0.4682985
51.21998,0.4501617,-0.3447642,-0.4671744
51.23998,0.4500602,-0.3453458,-0.4660469
51.25998,0.4500238,-0.3459449,-0.46489
51.27998,0.4500878,-0.3465659,-0.4636665
51.29998,0.4502344,-0.347201,-0.4624346
51.31998,0.4504581,-0.3478504,-0.4611768
51.33998,0.450752,-0.3485132,-0.4598832
51.35998,0.4511097,-0.3491866,-0.4585537
51.37998,0.4515593,-0.3498703,-0.4571898
51.39998,0.452089,-0.3505619,-0.4557906
51.41998,0.4526827,-0.3512592,-0.4543593
51.43998,0.4533389,-0.3519601,-0.4528901
51.45998,0.4540643,-0.3526679,-0.4512867
51.47998,0.4548655,-0.3533711,-0.4497498
51.49998,0.4557317,-0.3540708,-0.4481998
51.51998,0.4566528,-0.3547667,-0.4466278
51.53998,0.457627,-0.3554558,-0.4450374
51.55998,0.4586401,-0.3561373,-0.4434231
51.57998,0.4597165,-0.35681,-0.4418281
51.59998,0.4608374,-0.3574719,-0.4402045
51.61998,0.4619959,-0.3581215,-0.4385662
51.63998,0.46318,-0.3587568,-0.4369229
51.65998,0.4643952,-0.3593774,-0.4351979
51.67998,0.4656572,-0.3599812,-0.4335614
51.69998,0.4669511,-0.3605672,-0.4319497
51.71998,0.4682683,-0.3611344,-0.4303362
51.73998,0.4696055,-0.3616812,-0.4287371
51.75998,0.4709503,-0.3622075,-0.4271359
51.77998,0.4723283,-0.3627139,-0.4255928
51.79998,0.4737241,-0.3631965,-0.4240501
51.81998,0.4751497,-0.3636473,-0.4235972
51.83998,0.4766777,-0.3639757,-0.4223685
51.85998,0.4781877,-0.3642783,-0.4211173
51.87998,0.4796907,-0.3645722,-0.4198861
51.89998,0.4811769,-0.3648584,-0.4186833
51.91998,0.482642,-0.3651343,-0.417512
51.93998,0.4840876,-0.3654,-0.4163745
51.95998,0.4855122,-0.3656548,-0.4152707
51.97998,0.486938,-0.3658971,-0.4142159
51.99998,0.488353,-0.3661282,-0.4132046
52.01998,0.4897617,-0.3663476,-0.4122398
52.03998,0.4911525,-0.3665547,-0.4113141
52.05998,0.4925221,-0.3667493,-0.4104259
52.07998,0.4938865,-0.3669323,-0.4095865
52.09998,0.4952406,-0.3671027,-0.4087932
52.11998,0.4965713,-0.3672618,-0.4080359
52.13998,0.4978846,-0.3674076,-0.4073217
52.15998,0.4991773,-0.3675415,-0.4066493
52.17998,0.5004607,-0.3676635,-0.4060245
52.19998,0.5017303,-0.3677728,-0.4054446
52.21998,0.5029794,-0.3678712,-0.4049057
52.23998,0.5042084,-0.3679575,-0.4044067
52.25998,0.5054162,-0.3680323,-0.4039474
52.27998,0.5066701,-0.3683087,-0.4048148
52.29998,0.5079188,-0.368556,-0.4058665
52.31998,0.5091762,-0.3689636,-0.4081241
52.33998,0.5106252,-0.3692674,-0.4101791
52.35998,0.5119665,-0.3693531,-0.4110354
52.37998,0.5133227,-0.3694451,-0.41199
52.39998,0.5147521,-0.369594,-0.4134215
52.41998,0.5160226,-0.3696771,-0.4145437
52.43998,0.5173456,-0.3697899,-0.4160438
52.45998,0.5186461,-0.3698198,-0.4172128
52.47998,0.519949,-0.3698232,-0.4183636
52.49998,0.5212518,-0.3697974,-0.4194898
52.51998,0.5225472,-0.3697419,-0.4205796
52.53998,0.5238314,-0.3696566,-0.421637
52.55998,0.5250925,-0.3695412,-0.4226483
52.57998,0.5263214,-0.36939,-0.4235721
52.59998,0.5276215,-0.3691801,-0.4242967
52.61998,0.5293285,-0.3688735,-0.4249402
52.63998,0.5307384,-0.3685381,-0.4253848
52.65998,0.5319878,-0.3681958,-0.4257959
52.67998,0.533072,-0.3678464,-0.4261725
52.69998,0.5340793,-0.3674893,-0.4265575
52.71998,0.5350254,-0.3671257,-0.4269609
52.73998,0.5359169,-0.3667539,-0.4273869
52.75998,0.5367649,-0.3663749,-0.4278422
52.77998,0.5375527,-0.3659868,-0.4283175
52.79998,0.5382863,-0.3655905,-0.4288172
52.81998,0.5389709,-0.3651845,-0.4293434
52.83998,0.5396131,-0.3647693,-0.4298986
52.85998,0.5402069,-0.3643446,-0.4304811
52.87998,0.5407376,-0.3639097,-0.4310838
52.89998,0.5412169,-0.3634646,-0.4317099
52.91998,0.5416455,-0.3630088,-0.4323606
52.93998,0.5420226,-0.3625418,-0.4330347
52.95998,0.5423532,-0.3620642,-0.4337342
52.97998,0.5426095,-0.3615753,-0.4344457
52.99998,0.5428021,-0.3610751,-0.4351723
53.01998,0.5429398,-0.3605635,-0.4359179
53.03998,0.5430216,-0.3600402,-0.4366804
53.05998,0.5430472,-0.3595052,-0.4374595
53.07998,0.5429897,-0.3589594,-0.4382405
53.09998,0.5428665,-0.358402,-0.4390306
53.11998,0.5426866,-0.3578328,-0.4398316
53.13998,0.5424541,-0.3572528,-0.440643
53.15998,0.5421578,-0.3566619,-0.4414607
53.17998,0.5417735,-0.3560602,-0.4422703
53.19998,0.5413218,-0.3554477,-0.4430795
53.21998,0.540802,-0.3548255,-0.443885
53.23998,0.5402246,-0.3541943,-0.4446929
53.25998,0.5396031,-0.3535588,-0.4455603
53.27998,0.5389213,-0.3529266,-0.4465329
53.29998,0.538182,-0.3522907,-0.4475653
53.31998,0.5373904,-0.3516507,-0.4486485
53.33998,0.5365496,-0.351006,-0.4497831
53.35998,0.5356606,-0.3503568,-0.4509691
53.37998,0.5347081,-0.349707,-0.4522567
53.39998,0.5336956,-0.3490517,-0.4535865
53.41998,0.5326312,-0.3483898,-0.4549447
53.43998,0.5315156,-0.3477215,-0.4563428
53.45998,0.5302898,-0.3471105,-0.4576081
53.47998,0.5288754,-0.3466415,-0.4586444
53.49998,0.5273786,-0.346212,-0.4595895
53.51998,0.5258873,-0.3457943,-0.4605396
53.53998,0.524384,-0.3453806,-0.4615143
53.55998,0.5228722,-0.3449747,-0.4624963
53.57998,0.521324,-0.3445782,-0.4635529
53.59998,0.5197437,-0.3441893,-0.4646052
53.61998,0.518141,-0.3438085,-0.465642
53.63998,0.5165165,-0.3434376,-0.4666791
53.65998,0.5148771,-0.3430755,-0.4676947
53.67998,0.5132031,-0.342723,-0.4687599
53.69998,0.5115055,-0.3423812,-0.4697922
53.71998,0.5097888,-0.3420504,-0.4708037
53.73998,0.5080639,-0.3417319,-0.4717839
53.75998,0.5063267,-0.3414274,-0.4727371
53.77998,0.5045651,-0.341136,-0.4736937
53.79998,0.5027891,-0.3408605,-0.4746084
53.81998,0.5010068,-0.3406031,-0.4754707
53.83998,0.4992228,-0.3403644,-0.4762842
53.85998,0.4974402,-0.3401467,-0.4770461
53.87998,0.4956525,-0.3399481,-0.4777818
53.89998,0.4939185,-0.3397708,-0.4784882
53.91998,0.4921989,-0.3395692,-0.4792294
53.93998,0.4905629,-0.3393469,-0.4800099
53.95998,0.488883,-0.3391198,-0.4807692
53.97998,0.4871548,-0.3388984,-0.4814472
53.99998,0.4854297,-0.3387053,-0.4820295
54.01998,0.4836504,-0.3385497,-0.4824739
54.03998,0.4822305,-0.3384227,-0.4830075
54.05998,0.4807475,-0.3383351,-0.4834413
54.07998,0.4791324,-0.3382779,-0.4837008
54.09998,0.4774451,-0.3382606,-0.4838
54.11998,0.4757239,-0.3382814,-0.4837655
54.13998,0.4739869,-0.3383415,-0.4836042
54.15998,0.472252,-0.3384407,-0.4833265
54.17998,0.470432,-0.3385805,-0.4828632
54.19998,0.4688232,-0.3387614,-0.4823796
54.21998,0.4672893,-0.3389853,-0.4818166
54.23998,0.4658051,-0.3392532,-0.4811515
54.25998,0.4643624,-0.3395672,-0.4803717
54.27998,0.4628621,-0.3399282,-0.4791249
54.29998,0.4609793,-0.3400993,-0.4787117
54.31998,0.4596069,-0.340345,-0.4779726
54.33998,0.4583801,-0.3406043,-0.4773204
54.35998,0.457278,-0.3409158,-0.4764422
54.37998,0.4563009,-0.3412688,-0.4754317
54.39998,0.455429,-0.3416509,-0.4743862
54.41998,0.4546493,-0.3420586,-0.4733227
54.43998,0.4539537,-0.3424911,-0.4722348
54.45998,0.4533338,-0.3429496,-0.4711186
54.47998,0.4528144,-0.3434322,-0.4699764
54.49998,0.4523914,-0.3439565,-0.4686475
54.51998,0.4520298,-0.3444829,-0.4674661
54.53998,0.4517411,-0.3450279,-0.4662762
54.55998,0.4515517,-0.3455949,-0.4650449
54.57998,0.4514161,-0.3461767,-0.4638177
54.59998,0.4513732,-0.3467785,-0.4625475
54.61998,0.4514129,-0.3473944,-0.4612564
54.63998,0.4515274,-0.3480258,-0.459937
