time,leg_x,leg_y,leg_z,foot_x,foot_y,foot_z
0,0,0,0,
0.01999999,-0.4899909,0.376545,0.4160924,
0.03999998,-0.4899721,0.3765609,0.4160974,
0.05999998,-0.4899445,0.3765872,0.4161118,
0.07999997,-0.4899068,0.3766227,0.4161352,
0.09999996,-0.4898596,0.3766677,0.4161676,
0.12,-0.4898028,0.3767221,0.4162091,
0.14,-0.4897363,0.3767867,0.4162588,
0.1599999,-0.4896598,0.3768616,0.4163169,
0.1799999,-0.4895735,0.3769469,0.4163821,
0.1999999,-0.4894776,0.3770425,0.4164551,
0.2199999,-0.4893713,0.3771484,0.4165355,
0.2399999,-0.489255,0.3772652,0.4166228,
0.2599999,-0.4891291,0.3773932,0.4167166,
0.2799999,-0.4889917,0.3775318,0.4168164,
0.2999999,-0.4888449,0.3776824,0.4169223,
0.3199999,-0.488687,0.3778431,0.4170343,
0.3399999,-0.4885197,0.3780165,0.4171509,
0.3599999,-0.4883409,0.3782015,0.4172732,
0.3799999,-0.488152,0.3783975,0.4174001,
0.3999999,-0.4879515,0.3786063,0.4175316,
0.4199998,-0.4877405,0.3788273,0.4176676,
0.4399998,-0.4875188,0.37906,0.4178074,
0.4599998,-0.4872861,0.3793061,0.4179515,
0.4799998,-0.4870422,0.379564,0.4180988,
0.4999998,-0.4867873,0.3798344,0.4182495,
0.5199998,-0.4865208,0.3801177,0.4184031,
0.5399998,-0.4862435,0.3804147,0.4185598,
0.5599998,-0.4859538,0.3807244,0.4187189,
0.5799998,-0.4856529,0.3810465,0.418881,
0.5999998,-0.4853408,0.3813832,0.4190455,
0.6199998,-0.4850168,0.3817332,0.4192114,
0.6399997,-0.4846807,0.3820968,0.4193797,
0.6599998,-0.4843326,0.3824735,0.4195498,
0.6799998,-0.4839725,0.3828635,0.4197209,
0.6999997,-0.4836004,0.3832686,0.4198937,
0.7199997,-0.4832158,0.383687,0.4200677,
0.7399997,-0.4828186,0.3841195,0.4202428,
0.7599998,-0.48241,0.3845665,0.4204191,
0.7799997,-0.4819875,0.3850274,0.4205961,
0.7999997,-0.4815533,0.3855023,0.4207733,
0.8199997,-0.481106,0.3859918,0.4209515,
0.8399997,-0.4806452,0.3864958,0.42113,
0.8599997,-0.4801717,0.3870153,0.4213086,
0.8799997,-0.4796855,0.3875484,0.4214871,
0.8999997,-0.4791856,0.3880968,0.4216658,
0.9199997,-0.4786725,0.38866,0.4218444,
0.9399996,-0.4781461,0.3892374,0.4220229,
0.9599997,-0.4776056,0.3898304,0.4222011,
0.9799997,-0.4770513,0.3904378,0.422378,
0.9999996,-0.4768667,0.3902869,0.4221189,
1.02,-0.4769864,0.3894711,0.422148,
1.04,-0.4771829,0.3884814,0.4224501,
1.06,-0.4773927,0.3874502,0.4226021,
1.08,-0.4776077,0.3864279,0.422662,
1.1,-0.4778304,0.3854213,0.4226894,
1.12,-0.4780607,0.3844264,0.4227125,
1.14,-0.4782991,0.3834376,0.4227402,
1.16,-0.4785473,0.3824539,0.4227723,
1.18,-0.4788036,0.3814764,0.4228089,
1.2,-0.4790685,0.3805056,0.4228467,
1.22,-0.4793429,0.3795435,0.422886,
1.24,-0.4796269,0.3785894,0.4229254,
1.26,-0.4799194,0.3776443,0.4229659,
1.279999,-0.4801731,0.3768187,0.4229993,
1.3,-0.4803882,0.3762512,0.4252678,
1.32,-0.4805837,0.3757262,0.4276376,
1.34,-0.4807634,0.3752222,0.4298546,
1.36,-0.4809275,0.3747382,0.4318949,
1.38,-0.481077,0.3742774,0.4337655,
1.399999,-0.4812112,0.3738408,0.435478,
1.419999,-0.4813313,0.3734317,0.4370438,
1.439999,-0.4814367,0.3730519,0.438474,
1.459999,-0.4815269,0.3727016,0.4397776,
1.479999,-0.4816027,0.3723831,0.4409643,
1.5,-0.4816632,0.3720968,0.4420423,
1.52,-0.4817102,0.3718421,0.4430197,
1.539999,-0.481741,0.3716214,0.4439046,
1.559999,-0.4817588,0.3714323,0.4447018,
1.579999,-0.4817605,0.3712764,0.4454202,
1.599999,-0.4817481,0.3711529,0.4460635,
1.619999,-0.4817214,0.371062,0.4466386,
1.639999,-0.4816794,0.3710027,0.4471505,
1.659999,-0.4816232,0.370975,0.4476034,
1.679999,-0.4815519,0.3709786,0.448002,
1.699999,-0.4814663,0.3710127,0.4483499,
1.719999,-0.4813652,0.3710778,0.4486513,
1.739999,-0.4812498,0.3711724,0.4489086,
1.759999,-0.481143,0.3712926,0.4489311,
1.779999,-0.481091,0.3713162,0.4489474,
1.799999,-0.4810567,0.3712983,0.4489842,
1.819999,-0.48103,0.3712604,0.4490146,
1.839999,-0.4810114,0.371208,0.4490419,
1.859999,-0.4810007,0.3711402,0.4490701,
1.879999,-0.4809966,0.3710589,0.4490992,
1.899999,-0.4810002,0.3709641,0.4491287,
1.919999,-0.4810119,0.3708553,0.4491592,
1.939999,-0.4810302,0.3707347,0.4491907,
1.959999,-0.4810567,0.3705997,0.4492228,
1.979999,-0.4810908,0.3704534,0.4492555,
1.999999,-0.4811323,0.3702958,0.449289,
2.019999,-0.4811816,0.3701267,0.4493234,
2.039999,-0.4812379,0.3699465,0.4493575,
2.059999,-0.4813004,0.3697557,0.4493901,
2.079999,-0.4813578,0.3695769,0.4494232,
2.099999,-0.4813967,0.3694458,0.449441,
2.119999,-0.4814234,0.3693485,0.4494728,
2.139999,-0.481452,0.369256,0.4494841,
2.159999,-0.4814849,0.369164,0.449502,
2.179999,-0.481519,0.3690751,0.4495237,
2.199999,-0.4815559,0.3689902,0.4495445,
2.219999,-0.4815943,0.3689101,0.4495647,
2.239999,-0.4816341,0.3688352,0.4495836,
2.259999,-0.4816766,0.3687639,0.4496007,
2.279999,-0.4817219,0.3686976,0.4496182,
2.299999,-0.4817679,0.3686359,0.449635,
2.319999,-0.4818165,0.3685801,0.4496491,
2.339999,-0.4818678,0.3685293,0.4496629,
2.359999,-0.4819217,0.3684816,0.4496757,
2.379999,-0.481977,0.3684404,0.4496883,
2.399999,-0.4820347,0.368403,0.4496978,
2.419999,-0.4820952,0.3683717,0.4497065,
2.439999,-0.4821572,0.3683453,0.4497148,
2.459999,-0.4822216,0.368324,0.4497209,
2.479999,-0.4822879,0.3683069,0.4497257,
2.499999,-0.4823565,0.3682964,0.4497301,
2.519999,-0.4824262,0.3682904,0.4497322,
2.539999,-0.4824984,0.368288,0.4497336,
2.559999,-0.482573,0.3682923,0.449733,
2.579999,-0.4826488,0.3683007,0.4497313,
2.599999,-0.4827261,0.3683138,0.449729,
2.619999,-0.4828043,0.3683317,0.4497249,
2.639999,-0.4828844,0.3683546,0.4497182,
2.659999,-0.4829664,0.3683822,0.4497115,
2.679999,-0.4830484,0.3684151,0.4497043,
2.699999,-0.4831324,0.3684516,0.4496938,
2.719999,-0.4832168,0.3684931,0.4496834,
2.739999,-0.4833016,0.3685386,0.4496723,
2.759999,-0.4833875,0.3685887,0.4496589,
2.779999,-0.4834735,0.3686419,0.4496447,
2.799999,-0.4835601,0.3686996,0.4496298,
2.819999,-0.4836464,0.3687615,0.449613,
2.839999,-0.4837337,0.3688266,0.4495959,
2.859999,-0.4838204,0.3688955,0.4495786,
2.879999,-0.4839063,0.3689682,0.4495588,
2.899999,-0.4839921,0.3690429,0.4495381,
2.919999,-0.4840775,0.3691216,0.4495178,
2.939999,-0.4841623,0.3692038,0.4494952,
2.959999,-0.4842463,0.369287,0.4494734,
2.979999,-0.4843297,0.369374,0.4494503,
2.999999,-0.4844115,0.3694627,0.449426,
3.019999,-0.4844923,0.3695545,0.4494013,
3.039999,-0.4856367,0.3773015,0.4265536,
3.059999,-0.486083,0.3768017,0.4278503,
3.079999,-0.4865105,0.3762381,0.4280451,
3.099999,-0.4869194,0.3756878,0.4280787,
3.119999,-0.4873123,0.3751593,0.4280845,
3.139999,-0.4876909,0.3746548,0.4280778,
3.159999,-0.4880564,0.3741732,0.4280573,
3.179999,-0.4884095,0.3737147,0.4280214,
3.199999,-0.4887509,0.3732789,0.4279688,
3.219999,-0.4890816,0.3728645,0.4278985,
3.239999,-0.4894021,0.3724718,0.4278111,
3.259999,-0.4897118,0.3720982,0.4277067,
3.279999,-0.4900117,0.3717449,0.427586,
3.299999,-0.4903026,0.3714099,0.4274507,
3.319999,-0.4905829,0.3710935,0.4273022,
3.339999,-0.4908547,0.3707936,0.4271415,
3.359999,-0.491117,0.3705108,0.4269705,
3.379999,-0.4913695,0.3702431,0.426792,
3.399999,-0.4916129,0.3699911,0.426606,
3.419999,-0.491847,0.3697534,0.4264158,
3.439999,-0.4920712,0.369529,0.4262225,
3.459999,-0.4922862,0.369318,0.4260277,
3.479999,-0.4924917,0.3691199,0.4258331,
3.499999,-0.4926879,0.368933,0.4256404,
3.519999,-0.4928741,0.3687584,0.4254512,
3.539999,-0.4930511,0.3685949,0.425267,
3.559999,-0.4932177,0.3684423,0.4250881,
3.579999,-0.4933746,0.3682995,0.4249165,
3.599999,-0.4935222,0.3681672,0.4247531,
3.619999,-0.493659,0.3680449,0.4245991,
3.639999,-0.4937427,0.3680844,0.4245526,
3.659999,-0.4937887,0.3681901,0.4244448,
3.679999,-0.4938293,0.3682616,0.4242087,
3.699999,-0.4938614,0.3683205,0.42393,
3.719999,-0.4938765,0.3683932,0.4236611,
3.739999,-0.4938741,0.3684862,0.4234144,
3.759999,-0.4938548,0.3685985,0.4231858,
3.779999,-0.4938195,0.368727,0.422973,
3.799999,-0.4937685,0.3688717,0.422773,
3.819999,-0.4937022,0.3690314,0.4225854,
3.839999,-0.4936194,0.3692083,0.4224108,
3.859999,-0.4935215,0.369401,0.4222471,
3.879999,-0.4934082,0.3696103,0.4220946,
3.899999,-0.493279,0.3698363,0.4219523,
3.919999,-0.493135,0.3700788,0.4218192,
3.939999,-0.4929755,0.3703389,0.4216941,
3.959999,-0.4928007,0.3706162,0.4215766,
3.979999,-0.4926105,0.3709102,0.4214665,
3.999999,-0.4924045,0.3712227,0.421362,
4.019999,-0.4921837,0.3715527,0.4212633,
4.039999,-0.4919472,0.371901,0.4211679,
4.059999,-0.4916959,0.3722672,0.4210773,
4.079998,-0.4914286,0.3726525,0.4209888,
4.099998,-0.4911466,0.3730562,0.4209023,
4.119998,-0.4908485,0.3734784,0.4208176,
4.139998,-0.4905202,0.3739069,0.420873,
4.159998,-0.4902949,0.3743846,0.4210044,
4.179998,-0.4901049,0.3747818,0.4210982,
4.199998,-0.4899364,0.3750024,0.421074,
4.219998,-0.4897742,0.3751352,0.4211728,
4.239998,-0.4896116,0.3752153,0.4212302,
4.259998,-0.4894648,0.3752551,0.4212066,
4.279998,-0.4893241,0.3752718,0.4211898,
4.299998,-0.4891934,0.375283,0.421193,
4.319998,-0.4890704,0.3752887,0.4211915,
4.339998,-0.488955,0.3752832,0.4211905,
4.359998,-0.4888473,0.3752613,0.4211928,
4.379999,-0.4887474,0.3752222,0.4211997,
4.399999,-0.4886549,0.3751664,0.4212109,
4.419999,-0.4885705,0.375097,0.4212238,
4.439999,-0.4884946,0.3750129,0.4212374,
4.459999,-0.4884257,0.3749175,0.421252,
4.479999,-0.4883657,0.374809,0.4212679,
4.499999,-0.4883142,0.3746893,0.421285,
4.519999,-0.4882698,0.3745587,0.4213024,
4.539999,-0.488234,0.3744156,0.4213198,
4.559999,-0.4882064,0.3742623,0.4213395,
4.579998,-0.4881873,0.3740988,0.4213578,
4.599998,-0.4881763,0.373925,0.4213779,
4.619998,-0.4881735,0.3737411,0.4213981,
4.639998,-0.4881792,0.373548,0.4214189,
4.659998,-0.4881938,0.3733449,0.4214388,
4.679998,-0.4882154,0.3731339,0.421459,
4.699998,-0.4882474,0.3729124,0.4214789,
4.719998,-0.4882858,0.3726823,0.421501,
4.739998,-0.4883335,0.3724439,0.4215206,
4.759998,-0.4883873,0.3721964,0.4215502,
4.779998,-0.4884312,0.3719695,0.421627,
4.799998,-0.4884524,0.3717778,0.4215834,
4.819998,-0.4884539,0.3717444,0.422644,
4.839998,-0.4884446,0.3716714,0.4227731,
4.859998,-0.4884357,0.3716075,0.4228134,
4.879998,-0.4884276,0.3715334,0.422808,
4.899998,-0.4884231,0.371453,0.4228202,
4.919998,-0.48842,0.3713691,0.4228403,
4.939998,-0.4884186,0.3712847,0.4228619,
4.959998,-0.4884169,0.3712037,0.42288,
4.979998,-0.4884164,0.3711259,0.4228949,
4.999998,-0.4884167,0.371052,0.4229064,
5.019998,-0.4884171,0.3709812,0.4229188,
5.039998,-0.488421,0.3708692,0.4233305,
5.059998,-0.4880102,0.3705325,0.4227289,
5.079998,-0.4872451,0.3701868,0.4235499,
5.099998,-0.4861808,0.3698702,0.4258662,
5.119998,-0.4848795,0.3695848,0.4293778,
5.139998,-0.4833632,0.3693292,0.4338636,
5.159998,-0.4817319,0.3691056,0.4389095,
5.179998,-0.4799845,0.3689024,0.4444162,
5.199998,-0.4781768,0.3687201,0.4501699,
5.219998,-0.4763613,0.3685539,0.4559883,
5.239998,-0.4745746,0.3684018,0.4617495,
5.259998,-0.4728539,0.3682592,0.4673595,
5.279998,-0.4712291,0.3681235,0.4727429,
5.299998,-0.4697351,0.3679926,0.4778262,
5.319998,-0.46843,0.3678665,0.4824767,
5.339998,-0.4673431,0.3677394,0.4866508,
5.359998,-0.4664903,0.3676081,0.4903191,
5.379998,-0.4658875,0.3674707,0.4934676,
5.399998,-0.4655364,0.3673267,0.4961081,
5.419998,-0.4654689,0.3671746,0.4981791,
5.439998,-0.4655304,0.366998,0.500012,
5.459998,-0.46592,0.3668296,0.5012465,
5.479998,-0.4665771,0.3666489,0.5019566,
5.499998,-0.4674695,0.3664546,0.5022099,
5.519998,-0.4685798,0.3662472,0.5020497,
5.539998,-0.469933,0.3660288,0.5014129,
5.559998,-0.4714994,0.365798,0.5003482,
5.579998,-0.4732542,0.3655553,0.4988972,
5.599998,-0.4751794,0.3653009,0.4970928,
5.619998,-0.4772806,0.3650331,0.4948925,
5.639998,-0.4795337,0.3647554,0.4923389,
5.659998,-0.4819098,0.3644667,0.4894774,
5.679998,-0.4843888,0.3641684,0.4863435,
5.699998,-0.4869447,0.3638608,0.4829811,
5.719998,-0.4895883,0.3635437,0.4793263,
5.739998,-0.4922981,0.3632171,0.4754249,
5.759998,-0.49505,0.3628829,0.4713102,
5.779998,-0.497818,0.3625424,0.4670386,
5.799998,-0.5005815,0.3621945,0.4626482,
5.819998,-0.5033476,0.36184,0.4580925,
5.839998,-0.5060925,0.3614786,0.4534214,
5.859998,-0.5088003,0.3611107,0.4486711,
5.879998,-0.5114579,0.3607385,0.4438695,
5.899998,-0.5140548,0.3603621,0.4390438,
5.919998,-0.5166495,0.3600278,0.43447,
5.939998,-0.5192089,0.3597138,0.4300434,
5.959998,-0.5217175,0.3594139,0.425775,
5.979998,-0.5241673,0.3591266,0.4216902,
5.999998,-0.5265486,0.3588455,0.4177848,
6.019998,-0.528903,0.3585916,0.4141974,
6.039998,-0.5311885,0.3583357,0.4107621,
6.059998,-0.5333977,0.3580737,0.4074784,
6.079998,-0.5355239,0.3578038,0.4043462,
6.099998,-0.5375595,0.3575242,0.4013768,
6.119998,-0.5395532,0.3572452,0.3986895,
6.139998,-0.5414586,0.3569486,0.3961401,
6.159998,-0.5432701,0.3566332,0.3937075,
6.179998,-0.5449851,0.3562982,0.3913882,
6.199998,-0.5466037,0.3559446,0.3891787,
6.219998,-0.5481234,0.3555729,0.3870719,
6.239998,-0.5495806,0.3551848,0.385216,
6.259998,-0.55094,0.3547766,0.3834357,
6.279998,-0.5521908,0.3543537,0.3817368,
6.299998,-0.5532823,0.3539457,0.3804491,
6.319998,-0.5542955,0.3535066,0.3796272,
6.339998,-0.5552335,0.3530524,0.3786715,
6.359998,-0.556066,0.352592,0.3775929,
6.379998,-0.556788,0.3521318,0.376447,
6.399998,-0.5573988,0.3516772,0.3752672,
6.419998,-0.5579109,0.351233,0.3739364,
6.439998,-0.5583129,0.350791,0.3729932,
6.459998,-0.5585971,0.3503671,0.372171,
6.479998,-0.5587695,0.3499634,0.3713916,
6.499998,-0.5588276,0.3495893,0.3706031,
6.519998,-0.5587885,0.3492401,0.3698541,
6.539998,-0.5586362,0.3489342,0.3690603,
6.559998,-0.5583696,0.3486774,0.3682232,
6.579998,-0.557992,0.3484735,0.3673647,
6.599998,-0.5575054,0.3483255,0.3665165,
6.619998,-0.5569172,0.3482311,0.365712,
6.639997,-0.5562236,0.3482034,0.3649002,
6.659997,-0.5554261,0.348248,0.364064,
6.679997,-0.5545263,0.3483677,0.3631898,
6.699997,-0.5535278,0.3485658,0.3622668,
6.719997,-0.5524325,0.3488472,0.3612688,
6.739997,-0.5512443,0.3492126,0.3602117,
6.759997,-0.5499687,0.3496652,0.3591021,
6.779998,-0.5486066,0.3502064,0.3579447,
6.799998,-0.5471616,0.3508389,0.3567449,
6.819998,-0.545629,0.3515761,0.3554497,
6.839998,-0.5440211,0.3524046,0.3541357,
6.859998,-0.5423436,0.353322,0.352815,
6.879998,-0.5414009,0.3535473,0.3505909,
6.899998,-0.5404272,0.353812,0.3482683,
6.919998,-0.5395699,0.353941,0.347153,
6.939998,-0.5388782,0.3539109,0.3471181,
6.959998,-0.538362,0.3535955,0.3492439,
6.979998,-0.5375483,0.3537283,0.3497832,
6.999998,-0.5367279,0.3538826,0.3506044,
7.019998,-0.5358815,0.3540804,0.3515985,
7.039998,-0.535018,0.3542988,0.3528396,
7.059998,-0.5341325,0.3545356,0.3542695,
7.079998,-0.5332198,0.3547916,0.3558402,
7.099998,-0.53228,0.3550568,0.3575727,
7.119998,-0.531312,0.3553329,0.3594691,
7.139997,-0.5303113,0.3556182,0.3614953,
7.159997,-0.5292759,0.3559082,0.3636309,
7.179997,-0.5282016,0.3561995,0.3658567,
7.199997,-0.5270877,0.3564873,0.3681586,
7.219997,-0.5259328,0.3567731,0.3705584,
7.239997,-0.5247352,0.3570502,0.3730537,
7.259997,-0.5234931,0.3573141,0.3756204,
7.279997,-0.5222032,0.3575621,0.378254,
7.299997,-0.5208702,0.357769,0.3809227,
7.319997,-0.519484,0.3579595,0.3835349,
7.339997,-0.5178189,0.3584652,0.3835536,
7.359997,-0.5161858,0.3585837,0.3896882,
7.379997,-0.5141668,0.3594208,0.3893407,
7.399997,-0.5121269,0.3602021,0.388499,
7.419997,-0.5099721,0.3609526,0.3885201,
7.439997,-0.507766,0.3616455,0.3890439,
7.459997,-0.5055046,0.3622963,0.3900392,
7.479997,-0.5031881,0.3629231,0.3914264,
7.499997,-0.5008187,0.3635373,0.3931133,
7.519997,-0.498385,0.3641493,0.395133,
7.539997,-0.495887,0.3647692,0.3974336,
7.559998,-0.49333,0.365402,0.3999502,
7.579998,-0.4907184,0.3661053,0.4049623,
7.599998,-0.4881032,0.3666761,0.4113446,
7.619998,-0.4855242,0.3671381,0.4172438,
7.639997,-0.4830248,0.3675864,0.4228142,
7.659997,-0.4807034,0.3680449,0.4280208,
7.679997,-0.4784942,0.3681331,0.4269372,
7.699997,-0.47615,0.3687544,0.4326786,
7.719997,-0.4737191,0.3693292,0.4382663,
7.739997,-0.4712219,0.3698065,0.4437032,
7.759997,-0.4686956,0.3702416,0.4490892,
7.779997,-0.4661226,0.3706686,0.4546902,
7.799997,-0.4635286,0.3710809,0.4602,
7.819997,-0.4609022,0.371484,0.4657666,
7.839997,-0.4582496,0.3718791,0.4713189,
7.859997,-0.4555871,0.3722594,0.4767853,
7.879997,-0.4529312,0.3726211,0.4821119,
7.899997,-0.4502306,0.3729749,0.4875442,
7.919997,-0.4475331,0.3732898,0.4927753,
7.939997,-0.4449382,0.3735754,0.4976108,
7.959997,-0.4426003,0.3738575,0.5019295,
7.979997,-0.4409881,0.3742218,0.5054879,
7.999997,-0.4389462,0.374608,0.5109726,
8.019998,-0.4367809,0.3747458,0.5151463,
8.039997,-0.4346199,0.3748951,0.5196542,
8.059998,-0.432528,0.3750477,0.524031,
8.079997,-0.4305196,0.3752055,0.5283754,
8.099998,-0.428555,0.3753135,0.5326577,
8.119997,-0.426636,0.3753641,0.5368021,
8.139997,-0.4247925,0.3753822,0.5408132,
8.159997,-0.4230428,0.375376,0.5446664,
8.179997,-0.4214101,0.3753409,0.5483317,
8.199997,-0.4199376,0.3752789,0.551757,
8.219997,-0.4187117,0.3752298,0.5550107,
8.239997,-0.4173777,0.3751755,0.5588117,
8.259997,-0.4160867,0.3749866,0.5616343,
8.279997,-0.4148917,0.3747866,0.5645846,
8.299997,-0.4137969,0.3745527,0.5674312,
8.319997,-0.4128027,0.3742828,0.570138,
8.339997,-0.411907,0.3739786,0.5726963,
8.359997,-0.4111059,0.373641,0.5751035,
8.379997,-0.410399,0.3732674,0.5773551,
8.399997,-0.4097676,0.3728523,0.5794698,
8.419997,-0.4092278,0.3723962,0.5814039,
8.439997,-0.4087982,0.3719127,0.5831626,
8.459997,-0.4084868,0.3714044,0.584739,
8.479997,-0.4082928,0.3708701,0.5861365,
8.499997,-0.4082112,0.3703122,0.5873685,
8.519997,-0.4082277,0.369729,0.5884404,
8.539997,-0.408329,0.3691175,0.5893555,
8.559997,-0.4085188,0.3684776,0.5901097,
8.579997,-0.4088004,0.3678117,0.5907001,
8.599997,-0.4091794,0.3671234,0.5911255,
8.619997,-0.4096639,0.366415,0.5913633,
8.639997,-0.4102502,0.365689,0.5914204,
8.659997,-0.4098582,0.364887,0.5926593,
8.679996,-0.4098868,0.3641486,0.5930423,
8.699997,-0.410315,0.3634665,0.5928977,
8.719996,-0.4110913,0.3628318,0.5923365,
8.739997,-0.4115219,0.3620937,0.5925174,
8.759997,-0.4127836,0.361505,0.5915022,
8.779997,-0.414598,0.3610208,0.5897131,
8.799997,-0.4169049,0.3606269,0.5871707,
8.819997,-0.4192123,0.3602204,0.5846794,
8.839997,-0.4217234,0.3598502,0.5819324,
8.859997,-0.4244118,0.3595126,0.578943,
8.879997,-0.4272487,0.3592064,0.5757527,
8.899997,-0.4302094,0.3589239,0.5723807,
8.919997,-0.4333057,0.3586621,0.5687792,
8.939997,-0.4365063,0.3584161,0.5649825,
8.959997,-0.4397969,0.3581905,0.5610174,
8.979997,-0.4431438,0.3579743,0.5569183,
8.999997,-0.4465418,0.3577657,0.5526826,
9.019997,-0.4499712,0.3575599,0.5483337,
9.039997,-0.4534523,0.3573549,0.5438036,
9.059997,-0.4569626,0.3571494,0.5391199,
9.079997,-0.4604778,0.3569379,0.534321,
9.099997,-0.4639924,0.3567207,0.5294034,
9.119997,-0.4674969,0.356421,0.5243514,
9.139997,-0.4711349,0.3559375,0.5186352,
9.159997,-0.474699,0.3553798,0.5127527,
9.179996,-0.4782085,0.3548217,0.5067034,
9.199997,-0.4816155,0.3542495,0.5006488,
9.219996,-0.4849424,0.3536708,0.4945115,
9.239997,-0.4881797,0.3530939,0.4885,
9.259996,-0.4913197,0.3525212,0.4826749,
9.279997,-0.4943457,0.3519499,0.4770697,
9.299996,-0.4972591,0.3513813,0.4716832,
9.319997,-0.5000901,0.350817,0.4666241,
9.339996,-0.5028121,0.3502517,0.4617428,
9.359997,-0.5054131,0.349684,0.4570324,
9.379996,-0.5078859,0.3491147,0.452514,
9.399997,-0.5102301,0.3485451,0.4481935,
9.419996,-0.5124726,0.3479693,0.4442229,
9.439997,-0.5145926,0.3473873,0.4404152,
9.459996,-0.516582,0.3468022,0.4367602,
9.479997,-0.5183992,0.3462222,0.4336679,
9.499996,-0.5202045,0.3456619,0.4305141,
9.519997,-0.5219126,0.3450992,0.4277811,
9.539996,-0.5234752,0.3445303,0.4254382,
9.559997,-0.5248985,0.3439527,0.4234187,
9.579997,-0.5258236,0.3433466,0.4237857,
9.599997,-0.5269065,0.3427389,0.4229913,
9.619997,-0.5280399,0.3421075,0.4215904,
9.639997,-0.5292599,0.341485,0.4187675,
9.659997,-0.5302546,0.3408699,0.4164556,
9.679996,-0.5310931,0.3402603,0.4144031,
9.699997,-0.5318151,0.3396833,0.4124417,
9.719996,-0.5323806,0.3391674,0.4109527,
9.739997,-0.5328131,0.3386743,0.4101089,
9.759996,-0.533185,0.3381779,0.4091577,
9.779997,-0.5334747,0.3377151,0.4079245,
9.799996,-0.5336676,0.3373029,0.4063873,
9.819997,-0.5337732,0.3369277,0.4046656,
9.839996,-0.533772,0.336611,0.4028709,
9.859997,-0.5336518,0.3363621,0.4012541,
9.879996,-0.5334282,0.3361866,0.3996313,
9.899997,-0.5331004,0.3360949,0.3980471,
9.919996,-0.532675,0.3360796,0.3965718,
9.939997,-0.5321527,0.3361621,0.3951658,
9.959996,-0.531517,0.3363743,0.3942081,
9.979997,-0.5307941,0.3366544,0.3930426,
9.999996,-0.5299835,0.3370142,0.3916875,
10.02,-0.5290871,0.3374782,0.3901409,
10.04,-0.5281124,0.3380475,0.3884238,
10.06,-0.5270646,0.3387253,0.3865679,
10.08,-0.52595,0.3395097,0.3842089,
10.1,-0.524755,0.3404109,0.3821966,
10.12,-0.5234885,0.3414354,0.3801148,
10.14,-0.5221558,0.3425751,0.378014,
10.16,-0.5207613,0.3438256,0.3759097,
10.18,-0.5193088,0.3451848,0.3737954,
10.2,-0.5178037,0.3466477,0.3716906,
10.22,-0.5162442,0.3482339,0.3694838,
10.24,-0.5146399,0.3499179,0.3672231,
10.26,-0.5129952,0.3516881,0.3648918,
10.28,-0.5113153,0.353543,0.3624597,
10.3,-0.509604,0.3554804,0.3599386,
10.32,-0.507858,0.3575265,0.3572425,
10.34,-0.5060892,0.3596394,0.3545332,
10.36,-0.5043011,0.3618171,0.3517984,
10.38,-0.5024962,0.3640499,0.3490605,
10.4,-0.5014868,0.365006,0.3491162,
10.42,-0.5008953,0.3656332,0.3479081,
10.44,-0.5002267,0.3662236,0.3481803,
10.46,-0.499505,0.3668993,0.3489571,
10.48,-0.4988284,0.3675752,0.3501361,
10.5,-0.4981542,0.3682632,0.3517463,
10.52,-0.4974704,0.3690228,0.3533989,
10.54,-0.4967732,0.3697927,0.3553759,
10.56,-0.4960608,0.3705583,0.3575172,
10.58,-0.4953246,0.3713207,0.3598017,
10.6,-0.4945588,0.3720772,0.3621764,
10.62,-0.4937601,0.3728247,0.3646694,
10.64,-0.4929245,0.3735409,0.3672907,
10.66,-0.4920492,0.374223,0.3699786,
10.68,-0.4911461,0.3748944,0.3723639,
10.7,-0.4901958,0.3754904,0.3749911,
10.72,-0.4891975,0.376029,0.3777968,
10.74,-0.4881454,0.3765144,0.3806723,
10.76,-0.4870396,0.3769422,0.3836055,
10.78,-0.4858909,0.3773246,0.386192,
10.8,-0.4846802,0.3776243,0.3891126,
10.82,-0.4834123,0.3778524,0.3921445,
10.84,-0.4820881,0.3780072,0.3952103,
10.86,-0.4807096,0.378087,0.3983039,
10.88,-0.479291,0.3780911,0.4011396,
10.9,-0.4778113,0.3780172,0.4042239,
10.92,-0.4762764,0.3778596,0.407415,
10.94,-0.4746885,0.37762,0.4106348,
10.96,-0.4730539,0.3772986,0.4138735,
10.98,-0.4713755,0.3769591,0.4173177,
11,-0.4695473,0.3769231,0.421786,
11.02,-0.4676173,0.3769343,0.4242739,
11.04,-0.4656148,0.3769724,0.4266195,
11.06,-0.463558,0.3770084,0.4290627,
11.08,-0.4614873,0.3770261,0.4315336,
11.1,-0.4594045,0.3770378,0.4340474,
11.12,-0.4572854,0.3770552,0.4366801,
11.14,-0.4551375,0.3770924,0.4393984,
11.16,-0.4529724,0.3771551,0.4421626,
11.18,-0.4508014,0.3772445,0.4449368,
11.2,-0.4486365,0.3773625,0.4476915,
11.22,-0.4464626,0.3775039,0.4504777,
11.24,-0.4442976,0.3776705,0.4532537,
11.26,-0.4421551,0.3778625,0.4559907,
11.28,-0.4400468,0.3780813,0.458665,
11.3,-0.4379821,0.3783269,0.461261,
11.32,-0.4359503,0.3785965,0.463818,
11.34,-0.4339614,0.378891,0.4663197,
11.36,-0.4320302,0.3792107,0.4687422,
11.38,-0.4301648,0.3795552,0.4710696,
11.4,-0.4283757,0.3799236,0.473291,
11.42,-0.426681,0.3808115,0.4775835,
11.44,-0.4252372,0.3815267,0.4820115,
11.46,-0.4238548,0.3820066,0.4869706,
11.48,-0.4224491,0.3821852,0.4916433,
11.5,-0.4212003,0.3822305,0.4959627,
11.52,-0.4200029,0.382215,0.5000593,
11.54,-0.4188607,0.3821445,0.5038936,
11.56,-0.417763,0.382024,0.5075549,
11.58,-0.4167078,0.3818512,0.5111032,
11.6,-0.4156976,0.3815997,0.5145169,
11.62,-0.414721,0.3813179,0.5180225,
11.64,-0.4136038,0.3811057,0.522005,
11.66,-0.4129434,0.3809767,0.5251763,
11.68,-0.4124029,0.3809993,0.528536,
11.7,-0.4120407,0.380976,0.5312651,
11.72,-0.4118528,0.3809452,0.5337282,
11.74,-0.4118581,0.3809462,0.536248,
11.76,-0.4120317,0.3808494,0.5382727,
11.78,-0.41224,0.3806157,0.5396762,
11.8,-0.4124484,0.3804331,0.5413705,
11.82,-0.4126654,0.3801939,0.5429772,
11.84,-0.4129021,0.3798816,0.5444907,
11.86,-0.4131746,0.3795068,0.5459207,
11.88,-0.4135036,0.3790863,0.5472767,
11.9,-0.4139087,0.3786292,0.5485027,
11.92,-0.4144173,0.3781538,0.549567,
11.94,-0.4150243,0.3776522,0.5503891,
11.96,-0.415725,0.3771222,0.550944,
11.98,-0.4165144,0.3765688,0.5512617,
12,-0.417388,0.3759975,0.5513617,
12.02,-0.418365,0.3754082,0.5512004,
12.04,-0.4194303,0.374809,0.5508537,
12.06,-0.4191046,0.3737333,0.5517007,
12.08,-0.4194083,0.3731692,0.5535524,
12.1,-0.4202895,0.3727746,0.5546823,
12.12,-0.4215293,0.3724489,0.5552418,
12.14,-0.4231687,0.3722081,0.5551396,
12.16,-0.4251161,0.3720284,0.5545247,
12.18,-0.4273262,0.3719029,0.5534665,
12.2,-0.4297504,0.3718221,0.5520426,
12.22,-0.4323981,0.3717856,0.5502129,
12.24,-0.4352198,0.3717828,0.5480511,
12.26,-0.4381862,0.3718092,0.5455972,
12.28,-0.4412732,0.3718626,0.5428958,
12.3,-0.4444485,0.3719323,0.5399828,
12.32,-0.4477274,0.3720167,0.5368029,
12.34,-0.4510734,0.3721085,0.5334114,
12.36,-0.4544754,0.3722045,0.5298185,
12.38,-0.4579091,0.3722997,0.5260595,
12.4,-0.4613607,0.37239,0.52215,
12.42,-0.4648411,0.3724749,0.518038,
12.44,-0.4683056,0.372546,0.5138131,
12.46,-0.4717731,0.3726118,0.5094393,
12.48,-0.4752078,0.3726597,0.50497,
12.5,-0.478601,0.3726881,0.5004159,
12.52,-0.4819593,0.3726952,0.4957381,
12.54,-0.4852543,0.3726749,0.4910015,
12.56,-0.4884965,0.3726313,0.4861689,
12.58,-0.4916873,0.3725727,0.4814456,
12.6,-0.4948258,0.3724968,0.476873,
12.62,-0.4979465,0.3724113,0.4725736,
12.64,-0.5010083,0.372297,0.4684131,
12.66,-0.504005,0.3721473,0.4643527,
12.68,-0.5069261,0.3719599,0.4604084,
12.7,-0.5097637,0.3717313,0.4565903,
12.72,-0.5125544,0.3714607,0.4530441,
12.74,-0.5152547,0.3711379,0.4496285,
12.76,-0.5178638,0.3707633,0.4462764,
12.78,-0.520375,0.3703361,0.4430199,
12.8,-0.5227833,0.3698566,0.4398569,
12.82,-0.5251215,0.3693171,0.4369437,
12.84,-0.527349,0.3687205,0.4341355,
12.86,-0.5294652,0.3680713,0.4313714,
12.88,-0.5314651,0.3673739,0.428676,
12.9,-0.5333095,0.3666275,0.4259889,
12.92,-0.5349655,0.3657844,0.4233581,
12.94,-0.5364475,0.3648791,0.4204271,
12.96,-0.5377474,0.3639517,0.4174738,
12.98,-0.5388753,0.3630521,0.4147032,
13,-0.5398457,0.3621585,0.4123657,
13.02,-0.5406878,0.3612602,0.4104784,
13.04,-0.5413878,0.3603776,0.4088933,
13.06,-0.5419455,0.3595226,0.4075432,
13.08,-0.5423667,0.3587041,0.4063932,
13.1,-0.5426557,0.3579252,0.4054216,
13.12,-0.5428371,0.3571687,0.4046852,
13.14,-0.542892,0.3564627,0.4040585,
13.16,-0.5428212,0.3558166,0.4035183,
13.18,-0.5426264,0.3552368,0.4030539,
13.2,-0.5423093,0.3547297,0.4026592,
13.22,-0.5418828,0.354284,0.4023727,
13.24,-0.541337,0.3539221,0.4021201,
13.26,-0.5406637,0.3536696,0.4018463,
13.27999,-0.5398405,0.3535535,0.4013909,
13.3,-0.538862,0.35358,0.4007966,
13.31999,-0.537746,0.3537414,0.400223,
13.34,-0.5365045,0.3540618,0.3998337,
13.35999,-0.5351367,0.3545468,0.3995023,
13.38,-0.5336616,0.3551009,0.3991509,
13.39999,-0.5320868,0.3557484,0.3988088,
13.42,-0.5304339,0.3565085,0.3982176,
13.43999,-0.5287318,0.3573699,0.3971268,
13.46,-0.5269775,0.3583429,0.3955766,
13.47999,-0.5251529,0.3594432,0.39373,
13.5,-0.5232468,0.3606722,0.3917572,
13.51999,-0.5212486,0.3620534,0.3896758,
13.54,-0.5191727,0.3635578,0.3875837,
13.56,-0.5170269,0.3651755,0.3854581,
13.58,-0.5148196,0.3669028,0.3832621,
13.6,-0.512558,0.3687329,0.3809775,
13.62,-0.5102353,0.3706973,0.3784941,
13.64,-0.5089071,0.371665,0.3763933,
13.66,-0.5077379,0.3720047,0.3761753,
13.68,-0.5065069,0.3726008,0.3751451,
13.7,-0.5052788,0.373178,0.3749524,
13.72,-0.504046,0.3738074,0.3752368,
13.74,-0.5028005,0.3744965,0.3758674,
13.76,-0.5015175,0.3752861,0.3765836,
13.77999,-0.5002618,0.3760123,0.3779751,
13.8,-0.4989421,0.3768823,0.3791122,
13.81999,-0.4976299,0.3777194,0.3807361,
13.84,-0.4962707,0.3786299,0.3823509,
13.85999,-0.4948928,0.3795376,0.3842025,
13.88,-0.4934762,0.3804743,0.3861046,
13.89999,-0.4920278,0.3814154,0.3881078,
13.92,-0.490541,0.3823695,0.3901855,
13.93999,-0.4890168,0.3833225,0.3923654,
13.96,-0.4874458,0.3843331,0.3942038,
13.97999,-0.4858408,0.3852692,0.3964257,
14,-0.4841995,0.386157,0.398725,
14.01999,-0.4825139,0.3870208,0.401078,
14.04,-0.4807837,0.3878512,0.4034942,
14.05999,-0.4790072,0.3886449,0.4059224,
14.08,-0.4772191,0.3894062,0.4079986,
14.09999,-0.4753828,0.3900831,0.4103322,
14.12,-0.4735045,0.3906894,0.4128716,
14.13999,-0.4715805,0.391238,0.4154534,
14.16,-0.4696124,0.3917227,0.418067,
14.17999,-0.4676168,0.3921478,0.4203617,
14.2,-0.4655762,0.3924747,0.4229687,
14.21999,-0.4634922,0.3927252,0.4256882,
14.24,-0.4613674,0.3929005,0.428447,
14.25999,-0.4592056,0.3930006,0.4312326,
14.27999,-0.4570293,0.3930237,0.4337534,
14.29999,-0.4548085,0.3929687,0.4365293,
14.31999,-0.4525502,0.3928318,0.4394099,
14.34,-0.4502621,0.3926141,0.4423059,
14.35999,-0.4479496,0.3923163,0.4452155,
14.38,-0.445657,0.3919287,0.4478676,
14.39999,-0.4433219,0.3914771,0.4507787,
14.42,-0.4409673,0.3909385,0.4537585,
14.43999,-0.4385967,0.390322,0.4567438,
14.46,-0.4362199,0.3896205,0.4597161,
14.47999,-0.4338772,0.3888137,0.4623562,
14.5,-0.4315064,0.3879585,0.4652401,
14.51999,-0.4291334,0.3870232,0.4681735,
14.54,-0.4267659,0.3860109,0.4710823,
14.55999,-0.4244151,0.3849237,0.4739513,
14.58,-0.422086,0.3837643,0.4767693,
14.59999,-0.4198513,0.3824849,0.4790994,
14.62,-0.4175754,0.3811924,0.4817964,
14.63999,-0.4153454,0.3798203,0.4844252,
14.66,-0.4131007,0.3785079,0.4875954,
14.67999,-0.4106414,0.3777912,0.4921536,
14.7,-0.4080944,0.3772621,0.4956335,
14.71999,-0.4055202,0.3769391,0.4988432,
14.74,-0.4029896,0.3767493,0.5018643,
14.75999,-0.400728,0.3765292,0.5043363,
14.77999,-0.3986778,0.3763239,0.5064844,
14.79999,-0.3968215,0.3761311,0.508366,
14.81999,-0.3951287,0.3759444,0.5100548,
14.83999,-0.3935943,0.3757627,0.5115733,
14.85999,-0.3922129,0.3755848,0.5129391,
14.87999,-0.3909779,0.3754084,0.5141703,
14.89999,-0.3898847,0.3752329,0.5152803,
14.91999,-0.3889217,0.375056,0.5162963,
14.93999,-0.3880885,0.3748767,0.5172213,
14.95999,-0.3873837,0.3746946,0.5180582,
14.97999,-0.3868065,0.3745103,0.5188119,
14.99999,-0.3863549,0.3743227,0.5194857,
15.01999,-0.3860257,0.3741322,0.5200841,
15.03999,-0.3857365,0.3740423,0.5207542,
15.05999,-0.3854365,0.3741233,0.5215214,
15.07999,-0.385165,0.3743541,0.5222754,
15.09999,-0.3849916,0.3746746,0.5228972,
15.12,-0.3849864,0.375035,0.5232905,
15.13999,-0.3850663,0.3754511,0.5236476,
15.16,-0.3852837,0.3758855,0.5238372,
15.17999,-0.3856821,0.3762929,0.5238204,
15.2,-0.3860388,0.3767467,0.5246314,
15.21999,-0.3863025,0.377018,0.5259982,
15.24,-0.3865376,0.3770113,0.5273524,
15.25999,-0.3868065,0.3768494,0.5286114,
15.27999,-0.3865569,0.3763235,0.5299373,
15.29999,-0.3862042,0.3759761,0.5324336,
15.31999,-0.3862932,0.3757384,0.5344475,
15.33999,-0.3866796,0.375525,0.5360581,
15.35999,-0.3875346,0.375387,0.536963,
15.37999,-0.3886461,0.3752699,0.5375037,
15.39999,-0.3900158,0.3751812,0.5376859,
15.41999,-0.3915963,0.3751113,0.5375867,
15.43999,-0.3934097,0.3750677,0.5371565,
15.45999,-0.3954194,0.3750422,0.5364471,
15.47999,-0.3976068,0.3750346,0.5354817,
15.49999,-0.3999517,0.3750415,0.5342868,
15.51999,-0.402432,0.3750601,0.5328909,
15.53999,-0.4050655,0.3750968,0.5312591,
15.55999,-0.4078314,0.3751433,0.5294019,
15.57999,-0.4107049,0.3751972,0.5273539,
15.59999,-0.4136796,0.3752556,0.5251197,
15.61999,-0.4167438,0.3753176,0.5227058,
15.63999,-0.4199092,0.3753846,0.5200698,
15.65999,-0.4231575,0.3754518,0.5172329,
15.67999,-0.4264699,0.3755181,0.5142202,
15.69999,-0.4298067,0.3755736,0.5110988,
15.71999,-0.4331847,0.3756232,0.5078231,
15.73999,-0.4366286,0.3756776,0.5043411,
15.75999,-0.440105,0.375725,0.5006821,
15.77999,-0.4435951,0.375761,0.496879,
15.79999,-0.4470608,0.375778,0.4930097,
15.81999,-0.45052,0.3757815,0.4890268,
15.83999,-0.453979,0.3757706,0.4848873,
15.85999,-0.4574225,0.3757434,0.4806147,
15.87999,-0.4608355,0.3756983,0.4762399,
15.89999,-0.4642015,0.375634,0.4718152,
15.91999,-0.4675511,0.3755872,0.4675735,
15.93999,-0.4708716,0.3755434,0.4634745,
15.95999,-0.4741478,0.3754888,0.4594729,
15.97999,-0.4773678,0.3754177,0.4555717,
15.99999,-0.4805151,0.3753214,0.4518131,
16.01999,-0.4835993,0.3752019,0.4481614,
16.04,-0.4866428,0.3750689,0.4447694,
16.05999,-0.4896207,0.3749003,0.4414576,
16.07999,-0.492522,0.3746903,0.4382208,
16.09999,-0.4953394,0.3744376,0.4350886,
16.12,-0.4980743,0.3741417,0.432024,
16.13999,-0.5007503,0.373805,0.4292013,
16.15999,-0.5033411,0.3734186,0.4264453,
16.17999,-0.5058393,0.3729813,0.4237434,
16.2,-0.5082407,0.3724952,0.4211001,
16.21999,-0.5105352,0.3719609,0.4185562,
16.23999,-0.5127586,0.3713751,0.416195,
16.25999,-0.5148828,0.3707426,0.4138844,
16.27999,-0.5169044,0.3700674,0.4115968,
16.29999,-0.5188191,0.3693547,0.4093452,
16.31999,-0.5206263,0.3686092,0.407134,
16.33999,-0.5223461,0.3678198,0.4050918,
16.35999,-0.5239109,0.3670046,0.402993,
16.37999,-0.5252604,0.3661711,0.4007502,
16.39999,-0.5264285,0.3653438,0.3983211,
16.41999,-0.5274332,0.3645496,0.3960483,
16.43999,-0.5283031,0.3638427,0.3940279,
16.45999,-0.5290442,0.3631423,0.3925081,
16.47999,-0.5296564,0.3624852,0.3912932,
16.49999,-0.5301514,0.3618705,0.3903405,
16.51999,-0.5305282,0.3613136,0.389559,
16.53999,-0.5308022,0.3608019,0.3889729,
16.55999,-0.5309677,0.3603535,0.38849,
16.57999,-0.5310256,0.3599737,0.3880795,
16.59999,-0.5309782,0.359669,0.3877239,
16.61999,-0.5308268,0.3594418,0.3874097,
16.63999,-0.5305763,0.359293,0.387138,
16.65999,-0.5302238,0.3592322,0.3868697,
16.67999,-0.5297563,0.3592782,0.3864936,
16.69999,-0.5291569,0.3594434,0.3858973,
16.71999,-0.5284317,0.3597286,0.3851536,
16.73999,-0.5275888,0.3601372,0.3843497,
16.75999,-0.5266445,0.360661,0.3835772,
16.77999,-0.5256052,0.3613007,0.3828619,
16.79999,-0.5244727,0.3620579,0.3821907,
16.81999,-0.5232749,0.3629155,0.3813946,
16.83999,-0.5220253,0.3638837,0.3802474,
16.85999,-0.5207303,0.3649383,0.3788038,
16.87999,-0.5193714,0.3660958,0.3771563,
16.89999,-0.5179428,0.3673561,0.3753729,
16.91999,-0.5164456,0.3687139,0.3734888,
16.93999,-0.5148742,0.3701954,0.3713824,
16.95999,-0.5139315,0.3708348,0.3693748,
16.97999,-0.5131538,0.371196,0.3685802,
16.99999,-0.5122759,0.3716652,0.3680665,
17.01999,-0.5113996,0.3722229,0.3673829,
17.03999,-0.5104945,0.3728111,0.3671814,
17.05999,-0.5095795,0.3734126,0.3673705,
17.07999,-0.5086379,0.374064,0.3676969,
17.09999,-0.5076888,0.3747094,0.3683674,
17.11999,-0.5067129,0.3753829,0.3691794,
17.13999,-0.5057158,0.3760746,0.3701851,
17.15999,-0.5046921,0.3767812,0.371358,
17.17999,-0.5036411,0.3774977,0.3726687,
17.19999,-0.5025592,0.3782198,0.3740876,
17.21999,-0.5014453,0.3789454,0.3755957,
17.23999,-0.5003009,0.3796632,0.3772312,
17.25999,-0.499133,0.3803899,0.3787002,
17.27999,-0.4979324,0.3810856,0.3803942,
17.29999,-0.496704,0.3817458,0.382287,
17.31999,-0.4954374,0.3823879,0.3842235,
17.33999,-0.4941328,0.3829963,0.3862852,
17.35999,-0.492789,0.3835685,0.3884439,
17.37999,-0.4913986,0.3841362,0.3902998,
17.39999,-0.489971,0.3846364,0.392526,
17.41999,-0.4885021,0.3850873,0.3948408,
17.43999,-0.48699,0.385478,0.3972499,
17.45999,-0.4854341,0.3858166,0.3997283,
17.47999,-0.4838368,0.3861141,0.4019547,
17.49999,-0.4821966,0.386344,0.4044891,
17.51999,-0.4805168,0.3865135,0.4070871,
17.53999,-0.4787917,0.3866229,0.4097801,
17.55999,-0.4770238,0.3866713,0.4125277,
17.57999,-0.4752247,0.3866575,0.415089,
17.59999,-0.4733829,0.3865795,0.4178888,
17.61999,-0.4715077,0.386435,0.4207428,
17.63999,-0.4695907,0.386225,0.4236929,
17.65999,-0.4676404,0.3859472,0.4266724,
17.67999,-0.4656813,0.3855948,0.4294972,
17.69999,-0.4636838,0.3851871,0.4325218,
17.71999,-0.4616669,0.3847103,0.4355859,
17.73999,-0.4596183,0.384166,0.4387341,
17.75999,-0.4575502,0.3835521,0.4418893,
17.77999,-0.4554888,0.3828478,0.4447836,
17.79999,-0.4533983,0.3820975,0.4478967,
17.81999,-0.4513054,0.3812811,0.4510197,
17.83999,-0.4491965,0.3803999,0.4542005,
17.85999,-0.4470887,0.3794503,0.4573479,
17.87999,-0.4449862,0.3784378,0.4604642,
17.89999,-0.4429338,0.3773255,0.4632005,
17.91999,-0.4408634,0.3761926,0.4661809,
17.93999,-0.4388072,0.3749981,0.4691965,
17.95999,-0.4366571,0.3740721,0.4732047,
17.97999,-0.434376,0.3736775,0.4781603,
17.99999,-0.4320035,0.3734295,0.4821665,
18.01999,-0.4296615,0.3732982,0.4857846,
18.03999,-0.4273412,0.3732491,0.4892758,
18.05999,-0.42524,0.3731742,0.4922459,
18.07999,-0.4233118,0.3731134,0.4948991,
18.09999,-0.4215417,0.3730614,0.4972892,
18.11999,-0.4199201,0.3730161,0.4994521,
18.13999,-0.4184242,0.3729734,0.5014517,
18.15999,-0.417053,0.372932,0.5033001,
18.17999,-0.4158072,0.37289,0.5050064,
18.19999,-0.4146839,0.3728471,0.50658,
18.21999,-0.4136806,0.3728015,0.508033,
18.23999,-0.4127893,0.3727512,0.509387,
18.25999,-0.4119422,0.3727875,0.5107827,
18.27999,-0.4110968,0.3729689,0.5122507,
18.29999,-0.410289,0.3732667,0.5136847,
18.31999,-0.4095746,0.3736255,0.5149894,
18.33999,-0.4089876,0.3740082,0.5161278,
18.35999,-0.4085436,0.374404,0.517093,
18.37999,-0.4081993,0.3748403,0.5179791,
18.39999,-0.4078745,0.3754382,0.5201541,
18.41999,-0.4076395,0.3758047,0.5224597,
18.43999,-0.4074538,0.3759553,0.5247625,
18.45999,-0.4073467,0.3759334,0.5267709,
18.47999,-0.407321,0.3758559,0.5286475,
18.49999,-0.407373,0.3757346,0.5303473,
18.51999,-0.4074867,0.3755646,0.5318834,
18.53999,-0.407665,0.3753288,0.5332299,
18.55999,-0.4078991,0.3750288,0.5344369,
18.57999,-0.408195,0.3746593,0.5354803,
18.59999,-0.4085629,0.3742292,0.5363665,
18.61999,-0.4089969,0.3737841,0.5372064,
18.63999,-0.4089501,0.3734622,0.539272,
18.65999,-0.4087843,0.3729594,0.5414404,
18.67999,-0.4087758,0.372519,0.5436879,
18.69999,-0.409297,0.3721683,0.5451146,
18.71999,-0.4100478,0.3718231,0.5461813,
18.73999,-0.4112771,0.371552,0.5464653,
18.75999,-0.4127622,0.3713033,0.5463431,
18.77999,-0.4145126,0.3710876,0.5457998,
18.79999,-0.4164808,0.3708968,0.5449114,
18.81999,-0.4186387,0.3707275,0.5437191,
18.83999,-0.4209875,0.3705781,0.5422004,
18.85999,-0.4235027,0.3704486,0.5403989,
18.87999,-0.4261591,0.3703361,0.5383464,
18.89999,-0.4289328,0.370234,0.5360723,
18.91999,-0.4318061,0.370141,0.5336,
18.93999,-0.4347954,0.3700571,0.530877,
18.95999,-0.4378769,0.369978,0.5279344,
18.97999,-0.4410117,0.3698976,0.5248411,
18.99999,-0.4442074,0.3698187,0.52157,
19.01999,-0.4474442,0.3697357,0.5181441,
19.03999,-0.450752,0.3696604,0.5145001,
19.05999,-0.4540994,0.3695815,0.5106722,
19.07999,-0.4574672,0.3694961,0.506687,
19.09999,-0.4608264,0.3693988,0.5026007,
19.11999,-0.4642028,0.3692925,0.498334,
19.13999,-0.4675756,0.369175,0.4939186,
19.15999,-0.4709277,0.3690426,0.4893851,
19.17999,-0.474246,0.3688946,0.4847577,
19.19999,-0.4775004,0.3687253,0.4801075,
19.21999,-0.4807065,0.36854,0.4753929,
19.23999,-0.4838917,0.3683577,0.4707534,
19.25999,-0.48704,0.3681736,0.4662187,
19.27999,-0.4901427,0.3679841,0.4618067,
19.29999,-0.4931754,0.3677797,0.4575376,
19.31999,-0.4961519,0.367563,0.4534094,
19.33999,-0.4991002,0.3673427,0.4495532,
19.35999,-0.501986,0.3670971,0.445799,
19.37999,-0.5048,0.3668211,0.442138,
19.39999,-0.5075266,0.3665094,0.4385943,
19.41999,-0.5101719,0.3661637,0.4351469,
19.43999,-0.5127654,0.3657868,0.4319578,
19.45999,-0.5152755,0.3653667,0.4288537,
19.47999,-0.5176904,0.3649025,0.4258189,
19.49999,-0.5200069,0.3643937,0.4228629,
19.51999,-0.5222149,0.3638411,0.4200352,
19.53999,-0.5243502,0.3632436,0.4173978,
19.55999,-0.5263422,0.36257,0.4146771,
19.57999,-0.5281289,0.3618088,0.4118559,
19.59999,-0.529757,0.3610051,0.4089415,
19.61999,-0.5312288,0.3602335,0.4060214,
19.63999,-0.532567,0.3594379,0.4037218,
19.65999,-0.5337586,0.3586402,0.4017498,
19.67999,-0.5348096,0.3578472,0.4000407,
19.69999,-0.535727,0.3570626,0.3985619,
19.71999,-0.5365173,0.356292,0.3972837,
19.73999,-0.5372059,0.3555212,0.3962786,
19.75999,-0.5377759,0.3547711,0.3953962,
19.77999,-0.5382277,0.354048,0.3946159,
19.79999,-0.5385554,0.3533664,0.3938418,
19.81999,-0.5387428,0.3527429,0.3929554,
19.83999,-0.5388095,0.3521609,0.392119,
19.85999,-0.5387502,0.3516445,0.3913278,
19.87999,-0.5385698,0.3512075,0.3906302,
19.89999,-0.5382683,0.3508549,0.3899448,
19.91999,-0.5378627,0.3505507,0.3893705,
19.93999,-0.5373476,0.3503177,0.3888171,
19.95999,-0.5367389,0.3501637,0.3882357,
19.97999,-0.5360777,0.3500793,0.3875608,
19.99999,-0.5353625,0.3500764,0.3866821,
20.01999,-0.5345702,0.3501718,0.3856499,
20.03999,-0.5336881,0.3503752,0.3845769,
20.05999,-0.5327125,0.3506975,0.3836333,
20.07999,-0.5316395,0.3511269,0.3827647,
20.09999,-0.5304744,0.3516362,0.3818342,
20.11999,-0.5292106,0.3522537,0.3806877,
20.13999,-0.5278637,0.3529744,0.3793526,
20.15999,-0.5264418,0.3538024,0.3777926,
20.17999,-0.5249555,0.3547275,0.3760434,
20.19999,-0.5234083,0.355747,0.374116,
20.21999,-0.5217937,0.3568883,0.3719079,
20.23999,-0.5201269,0.3581247,0.369583,
20.25999,-0.5184063,0.3594542,0.3675652,
20.27999,-0.5166323,0.3608723,0.3656038,
20.29999,-0.5148089,0.3623769,0.3636344,
20.31999,-0.512931,0.3639941,0.3615942,
20.33999,-0.5110155,0.3656859,0.3595358,
20.35999,-0.5090691,0.3674457,0.3574014,
20.37999,-0.5081069,0.3682649,0.3554273,
20.39999,-0.5072292,0.368876,0.3537781,
20.41999,-0.5064183,0.3693671,0.3533321,
20.43999,-0.5057938,0.3695688,0.3549537,
20.45999,-0.5050216,0.3699837,0.3561761,
20.47999,-0.5042377,0.3704844,0.3575575,
20.49999,-0.5034262,0.371201,0.3580982,
20.51999,-0.5025852,0.3718734,0.359286,
20.53999,-0.5017816,0.3723955,0.3616792,
20.55999,-0.5009208,0.3730855,0.3631222,
20.57999,-0.5000417,0.3737161,0.3651518,
20.59999,-0.4991302,0.3743424,0.3672953,
20.61999,-0.4981843,0.3749647,0.369549,
20.63999,-0.4972026,0.3755615,0.3719638,
20.65999,-0.4961814,0.3761282,0.3744527,
20.67999,-0.4951171,0.3767009,0.3766308,
20.69999,-0.4940096,0.3772061,0.3791966,
20.71999,-0.4928565,0.3776605,0.3818766,
20.73999,-0.4916524,0.3780706,0.3846341,
20.75999,-0.4903971,0.3784316,0.3874531,
20.77999,-0.4890904,0.378742,0.3902952,
20.79999,-0.4877403,0.3790092,0.3928435,
20.81999,-0.4863317,0.3792088,0.3957359,
20.83999,-0.4848706,0.3793445,0.3987233,
20.85999,-0.4833577,0.3794191,0.4017429,
20.87999,-0.481797,0.3794281,0.4047842,
20.89999,-0.4801979,0.3793733,0.4076117,
20.91999,-0.4785385,0.3792515,0.4107308,
20.93999,-0.4768416,0.379061,0.4138379,
20.95999,-0.4750943,0.3788028,0.4170409,
20.97999,-0.4733082,0.3784738,0.4202392,
20.99999,-0.4715049,0.3780684,0.4232633,
21.01999,-0.4696442,0.3776045,0.4265533,
21.03999,-0.467748,0.3770669,0.4299027,
21.05999,-0.4658191,0.376461,0.4332755,
21.07999,-0.4638649,0.3757832,0.4366498,
21.09999,-0.4619132,0.3750136,0.4397587,
21.11999,-0.4599136,0.3741975,0.4431399,
21.13999,-0.457871,0.3734088,0.446963,
21.15999,-0.455644,0.3730807,0.4518839,
21.17999,-0.4533212,0.3728592,0.4556676,
21.19999,-0.4510002,0.3726914,0.4591474,
21.21999,-0.4486866,0.3725417,0.4625461,
21.23999,-0.4463986,0.3724089,0.4658744,
21.25999,-0.4441464,0.3723011,0.4691213,
21.27999,-0.4419367,0.3722274,0.4722768,
21.29999,-0.4397724,0.3721945,0.4753355,
21.31999,-0.437638,0.3722017,0.4783448,
21.33999,-0.4355497,0.3722489,0.4812727,
21.35999,-0.4335215,0.3723338,0.4840977,
21.37999,-0.4315634,0.3724554,0.4868038,
21.39999,-0.4296837,0.3726118,0.4893828,
21.41999,-0.4278715,0.3728001,0.4918707,
21.43999,-0.4261391,0.3730209,0.4942482,
21.45999,-0.4244959,0.3732741,0.4965044,
21.47999,-0.42295,0.3735583,0.4986306,
21.49999,-0.4215064,0.3738737,0.500622,
21.51999,-0.4201579,0.374217,0.5025037,
21.53999,-0.4189135,0.3745894,0.5042634,
21.55999,-0.4177799,0.3754833,0.508086,
21.57999,-0.4168185,0.3760922,0.5117774,
21.59999,-0.4159343,0.3764095,0.5155583,
21.61999,-0.4150959,0.376483,0.5190979,
21.63999,-0.4143052,0.3764682,0.5225562,
21.65999,-0.4135764,0.3764126,0.5258752,
21.67999,-0.4129163,0.3763108,0.529008,
21.69999,-0.4123321,0.3761487,0.5319481,
21.71999,-0.4118333,0.375911,0.5346828,
21.73999,-0.4114259,0.3755946,0.5372057,
21.75999,-0.4110975,0.3752553,0.5397104,
21.77999,-0.4108057,0.3749759,0.5421315,
21.79999,-0.4105397,0.3748484,0.5447335,
21.81999,-0.4104502,0.3748009,0.5472232,
21.83999,-0.4106308,0.3746753,0.5488747,
21.85999,-0.4109499,0.3745093,0.5501956,
21.87999,-0.4114088,0.3742757,0.5510983,
21.89999,-0.411958,0.3740385,0.5520099,
21.91999,-0.4125881,0.3737695,0.5527803,
21.93999,-0.4132768,0.3734713,0.5534319,
21.95999,-0.4140152,0.3731468,0.5539691,
21.97999,-0.4147992,0.3727949,0.5544048,
21.99999,-0.4156305,0.3724086,0.5547162,
22.01999,-0.4165121,0.3719878,0.554898,
22.03999,-0.4161057,0.3710642,0.5556005,
22.05999,-0.4162388,0.3705347,0.5571574,
22.07999,-0.4168272,0.3701119,0.5582151,
22.09999,-0.4178654,0.3697612,0.5585763,
22.11999,-0.4192675,0.3694634,0.5583588,
22.13999,-0.4209837,0.3692098,0.5576398,
22.15999,-0.4229733,0.3689988,0.5564821,
22.17999,-0.4251442,0.3688178,0.5550512,
22.19999,-0.4275351,0.3686719,0.5532565,
22.21999,-0.4301172,0.3685529,0.5511225,
22.23999,-0.4328662,0.3684576,0.5486813,
22.25999,-0.4357507,0.368381,0.5459743,
22.27999,-0.4387395,0.3683181,0.5430506,
22.29999,-0.4418155,0.3682661,0.5399253,
22.31999,-0.4449868,0.368223,0.5365586,
22.33999,-0.4482362,0.3681879,0.5329736,
22.35999,-0.4515412,0.368161,0.5292065,
22.37999,-0.4548792,0.3681326,0.5252805,
22.39999,-0.4582329,0.3681002,0.5212213,
22.41999,-0.4616169,0.368063,0.516971,
22.43999,-0.4649618,0.368011,0.5126846,
22.45999,-0.4683212,0.3679507,0.508217,
22.47999,-0.4716582,0.3678782,0.5036421,
22.49999,-0.4749613,0.3677909,0.4989788,
22.51999,-0.4782202,0.3676867,0.4942459,
22.53999,-0.4814298,0.3675652,0.4894358,
22.55999,-0.4846003,0.3674259,0.4845086,
22.57999,-0.4877263,0.3672802,0.4796562,
22.59999,-0.490804,0.3671291,0.4749421,
22.61999,-0.4938241,0.3669677,0.4703811,
22.63999,-0.4968157,0.3668051,0.4661386,
22.65999,-0.4997451,0.3666184,0.4619621,
22.67999,-0.5026073,0.3664069,0.4579059,
22.69999,-0.5053918,0.3661647,0.4539644,
22.71999,-0.5080929,0.3658905,0.4501499,
22.73999,-0.5107408,0.365586,0.4466383,
22.75999,-0.5133088,0.3652399,0.4432015,
22.77999,-0.5157809,0.36485,0.4398323,
22.79999,-0.518116,0.3643734,0.4364172,
22.81999,-0.5202942,0.3637726,0.4331114,
22.83999,-0.5223014,0.3630936,0.4295236,
22.85999,-0.5241928,0.3623798,0.4261922,
22.87999,-0.5259287,0.3616502,0.4231316,
22.89999,-0.527518,0.3609171,0.4203156,
22.91999,-0.5289962,0.3601682,0.4178348,
22.93999,-0.5303372,0.3594143,0.4155112,
22.95999,-0.531536,0.3586578,0.4133088,
22.97999,-0.5325921,0.3579049,0.4112307,
22.99999,-0.5335069,0.3571591,0.4092886,
23.01999,-0.5343083,0.3564084,0.4075957,
23.03999,-0.5349741,0.3556747,0.4060113,
23.05999,-0.5355041,0.3549664,0.4045295,
23.07999,-0.5358998,0.3542907,0.4031588,
23.09999,-0.5361638,0.3536527,0.4019021,
23.11999,-0.5363162,0.3530383,0.4008425,
23.13999,-0.5363406,0.3524725,0.3998661,
23.15999,-0.5362386,0.3519635,0.398963,
23.17999,-0.5360122,0.3515174,0.3981391,
23.19999,-0.5356629,0.3511407,0.3973908,
23.21999,-0.5352107,0.3508191,0.3969406,
23.23999,-0.5347033,0.350558,0.3965633,
23.25999,-0.5341485,0.3503678,0.395988,
23.27999,-0.5335197,0.350255,0.395183,
23.29999,-0.5327947,0.3502276,0.3942174,
23.31999,-0.5319684,0.3502874,0.3931593,
23.33999,-0.5310415,0.3504429,0.3920025,
23.35999,-0.5300192,0.3506954,0.3907521,
23.37999,-0.5289083,0.3510494,0.3894116,
23.39999,-0.5277116,0.3515072,0.3879869,
23.41999,-0.5264325,0.3520722,0.3864835,
23.43999,-0.5250745,0.3527453,0.3849134,
23.45999,-0.5236266,0.3535397,0.3831995,
23.47999,-0.5220767,0.3544648,0.3813311,
